159414000000,0.00000,0.00000,-0.00000,1.00000,-0.00011,0.00018,0.00000,-0.00000,-0.00001,-0.00000,
159787000000,0.00000,-0.00000,-0.00000,1.00000,-0.00011,0.00018,0.00000,-0.00000,-0.00001,-0.00000,
160058000000,-0.00102,0.00083,0.00008,1.00000,0.00011,0.00007,0.00193,-0.00100,-0.00089,0.00008,
160311000000,-0.00145,0.00099,0.00020,1.00000,0.00009,0.00011,0.00180,-0.00023,-0.00027,0.00011,
160638000000,-0.00219,0.00084,0.00054,1.00000,0.00012,-0.00003,0.00181,-0.00006,-0.00021,0.00019,
160846000000,-0.00208,0.00089,0.00049,1.00000,0.00019,-0.00018,0.00179,-0.00006,-0.00029,0.00019,
161046000000,-0.00207,0.00089,0.00049,1.00000,0.00024,-0.00028,0.00179,0.00004,-0.00029,0.00018,
161358000000,-0.00206,0.00091,0.00049,1.00000,0.00031,-0.00043,0.00179,0.00013,-0.00013,0.00013,
161668000000,-0.00212,0.00091,0.00049,1.00000,0.00048,-0.00072,0.00178,-0.00006,-0.00019,0.00017,
161963000000,0.01283,-0.00842,0.01450,0.99900,-0.01521,0.03437,0.02440,0.08161,-0.01978,0.06336,
162163000000,0.02490,-0.01782,0.02621,0.99610,-0.03143,0.06464,0.05113,0.03848,-0.05717,0.06095,
162480000000,0.03871,-0.02763,0.04120,0.99714,-0.02750,0.04221,0.05631,0.08741,-0.00297,0.07071,
162754000000,0.06554,0.00736,0.05038,0.99669,0.02890,-0.05777,0.04944,0.06451,0.06168,0.04650,
163084000000,0.10196,0.03743,0.05414,0.99862,-0.01957,-0.02953,0.03867,0.02374,0.02932,0.05697,
163413000000,0.12756,0.05027,0.08210,0.99840,0.00431,-0.04633,0.03220,0.03859,0.02227,0.10495,
163619000000,0.11804,0.03425,0.11225,0.99867,0.00069,-0.04325,0.02805,-0.00475,-0.03669,0.12071,
163919000000,0.12950,0.02909,0.14645,0.99919,-0.00533,-0.03268,0.02306,0.00622,-0.03995,0.15806,
164220000000,0.12388,0.01392,0.19519,0.99903,0.00187,-0.03948,0.01930,-0.00427,-0.04771,0.17721,
164510000000,0.11457,-0.00325,0.24769,0.99934,-0.00583,-0.03207,0.01587,-0.00955,-0.05484,0.19607,
164738000000,0.09727,-0.01746,0.29745,0.99922,0.00711,-0.03594,0.01480,-0.02590,-0.05244,0.22388,
164974000000,0.08700,-0.02955,0.35173,0.99910,-0.00272,-0.04036,0.01315,-0.03874,-0.05396,0.23953,
165218000000,0.07277,-0.04217,0.41323,0.99933,-0.00284,-0.03458,0.01186,-0.05151,-0.04814,0.25527,
165587000000,0.04960,-0.05820,0.51203,0.99921,0.00019,-0.03841,0.01036,-0.05628,-0.03999,0.28612,
165939000000,0.03115,-0.06432,0.61907,0.99934,-0.00283,-0.03529,0.00782,-0.05937,-0.02756,0.32180,
166312000000,0.00224,-0.06821,0.74028,0.99931,-0.00316,-0.03661,0.00553,-0.06770,-0.02272,0.34688,
166658000000,-0.02142,-0.07255,0.86227,0.99936,-0.00391,-0.03544,0.00390,-0.06807,-0.01221,0.36969,
166914000000,-0.04323,-0.06948,0.95955,0.99936,-0.00140,-0.03563,0.00333,-0.07117,-0.00406,0.37429,
167226000000,-0.06430,-0.06904,1.06076,0.99937,-0.00793,-0.03454,0.00231,-0.06221,-0.00055,0.27456,
167471000000,-0.07906,-0.06503,1.12143,0.99945,-0.00181,-0.03313,0.00159,-0.05424,0.00933,0.23021,
167716000000,-0.08919,-0.06001,1.16994,0.99938,-0.00603,-0.03479,0.00092,-0.04807,0.01287,0.18773,
167963000000,-0.08885,-0.05744,1.21441,0.99979,-0.01700,-0.01136,0.00051,-0.04376,0.02005,0.16295,
168248000000,-0.09693,-0.04816,1.25805,0.99988,-0.01105,-0.01123,0.00010,-0.03219,0.02445,0.13516,
168567000000,-0.10106,-0.03943,1.28081,0.99979,-0.01715,-0.01070,-0.00204,-0.02314,0.02447,0.10182,
168947000000,-0.09941,-0.03142,1.30644,0.99984,-0.01194,-0.01292,-0.00257,-0.00896,0.02461,0.07307,
169104000000,-0.09906,-0.02700,1.31362,0.99982,-0.01465,-0.01139,-0.00292,-0.00923,0.02433,0.06339,
169422000000,-0.10232,-0.01777,1.32787,0.99979,-0.01589,-0.01205,-0.00368,-0.00704,0.03101,0.05514,
169746000000,-0.10391,-0.00561,1.33901,0.99978,-0.01600,-0.01263,-0.00406,-0.00472,0.03969,0.03565,
170104000000,-0.10700,0.01025,1.35024,0.99978,-0.01492,-0.01423,-0.00429,-0.00936,0.04426,0.03684,
170483000000,-0.11116,0.02787,1.36244,0.99986,-0.01122,-0.01154,-0.00429,-0.01157,0.03845,0.04178,
170864000000,-0.11983,0.04084,1.37153,0.99983,-0.01342,-0.01198,-0.00424,-0.00882,0.02610,0.03223,
171202000000,-0.12638,0.05099,1.38152,0.99983,-0.01335,-0.01166,-0.00458,-0.00690,0.02476,0.03697,
171564000000,-0.13050,0.05854,1.39538,0.99987,-0.00981,-0.01168,-0.00457,-0.00283,0.01188,0.04467,
171752000000,-0.13298,0.05978,1.40272,0.99986,-0.01122,-0.01192,-0.00462,-0.00404,0.00361,0.04938,
172109000000,-0.13647,0.06164,1.41822,0.99987,-0.01062,-0.01147,-0.00502,-0.00368,-0.00155,0.04171,
172358000000,-0.13797,0.06128,1.42748,0.99990,-0.00966,-0.00882,-0.00488,0.00223,-0.00773,0.04528,
172636000000,-0.13690,0.05664,1.43699,0.99980,-0.01424,-0.01324,-0.00463,0.00486,-0.01176,0.03995,
173075000000,-0.13102,0.05597,1.45047,0.99988,-0.00955,-0.01114,-0.00475,0.00690,-0.00473,0.03155,
173376000000,-0.12969,0.05441,1.45367,0.99982,-0.01451,-0.01151,-0.00511,0.00525,-0.00605,0.02210,
173584000000,-0.12401,0.05240,1.45611,0.99985,-0.00907,-0.01361,-0.00521,0.00895,-0.00760,0.02549,
173926000000,-0.12171,0.05082,1.45969,0.99983,-0.01252,-0.01197,-0.00554,0.00281,-0.00967,0.01465,
174246000000,-0.11957,0.04830,1.46574,0.99988,-0.00914,-0.01165,-0.00544,0.00469,-0.01108,0.01926,
174562000000,-0.11688,0.04616,1.47091,0.99985,-0.01338,-0.01001,-0.00551,0.00975,-0.01006,0.02331,
174860000000,-0.11063,0.04349,1.47805,0.99987,-0.01042,-0.01098,-0.00533,0.01989,-0.00917,0.02771,
175168000000,-0.10186,0.04078,1.48770,0.99985,-0.01078,-0.01231,-0.00554,0.01989,-0.01304,0.03930,
175493000000,-0.09548,0.03672,1.50012,0.99982,-0.01069,-0.01436,-0.00561,0.01270,-0.01709,0.04105,
175918000000,-0.09323,0.03150,1.51761,0.99985,-0.01152,-0.01115,-0.00583,0.01017,-0.01987,0.04641,
176241000000,-0.09083,0.02583,1.53276,0.99984,-0.01055,-0.01333,-0.00603,0.00946,-0.02029,0.04758,
176610000000,-0.08770,0.02130,1.54883,0.99985,-0.01147,-0.01133,-0.00604,0.01138,-0.01953,0.04261,
176906000000,-0.08530,0.01657,1.56063,0.99985,-0.01041,-0.01231,-0.00585,0.01230,-0.01972,0.03736,
177237000000,-0.08086,0.01264,1.57038,0.99984,-0.01210,-0.01164,-0.00623,0.01460,-0.01665,0.03342,
177454000000,-0.07779,0.00982,1.57794,0.99984,-0.01080,-0.01260,-0.00618,0.01667,-0.01639,0.03562,
177795000000,-0.07328,0.00763,1.58948,0.99986,-0.01140,-0.01040,-0.00637,0.01890,-0.01357,0.03538,
178048000000,-0.06683,0.00494,1.59881,0.99987,-0.00998,-0.01085,-0.00666,0.02459,-0.01637,0.03399,
178394000000,-0.05872,-0.00177,1.60525,0.99983,-0.01307,-0.01104,-0.00653,0.02544,-0.01562,0.02619,
178740000000,-0.04663,-0.00606,1.61289,0.99986,-0.00985,-0.01147,-0.00673,0.03096,-0.01538,0.01252,
179073000000,-0.03393,-0.00997,1.61383,0.99980,-0.01366,-0.01308,-0.00665,0.02949,-0.01289,0.01428,
179428000000,-0.02409,-0.01253,1.61924,0.99987,-0.00764,-0.01275,-0.00646,0.02502,-0.01498,0.01122,
179819000000,-0.01815,-0.01951,1.61954,0.99978,-0.01325,-0.01437,-0.00699,0.01493,-0.02113,0.01419,
180307000000,-0.01368,-0.02245,1.63022,0.99987,-0.01024,-0.01004,-0.00748,0.01608,-0.01378,0.03289,
180708000000,-0.00778,-0.02963,1.63639,0.99981,-0.01226,-0.01342,-0.00763,0.01906,-0.01735,0.00924,
181019000000,-0.00006,-0.03137,1.64073,0.99986,-0.01047,-0.01102,-0.00754,0.02648,-0.01143,0.01703,
181359000000,0.00687,-0.03576,1.64172,0.99979,-0.01296,-0.01378,-0.00751,0.01874,-0.01300,0.00191,
181572000000,0.01254,-0.03639,1.64155,0.99981,-0.01135,-0.01381,-0.00756,0.02059,-0.00593,0.00056,
181940000000,0.01866,-0.03580,1.63760,0.99981,-0.01298,-0.01251,-0.00747,0.01384,-0.00345,-0.01393,
182217000000,0.02236,-0.03628,1.63239,0.99983,-0.00976,-0.01365,-0.00735,0.01420,-0.00736,-0.01762,
182466000000,0.02394,-0.03747,1.62720,0.99982,-0.01164,-0.01269,-0.00743,0.00933,-0.01017,-0.00850,
182734000000,0.02581,-0.03950,1.62278,0.99980,-0.01260,-0.01345,-0.00718,0.00767,-0.01010,-0.00885,
182994000000,0.02804,-0.04111,1.62015,0.99981,-0.00963,-0.01500,-0.00724,0.00635,-0.00959,-0.00122,
183514000000,0.02202,-0.04261,1.60985,0.99980,-0.01229,-0.01387,-0.00741,-0.01513,-0.00514,-0.01984,
183776000000,0.01719,-0.04306,1.60381,0.99977,-0.01162,-0.01641,-0.00754,-0.01794,-0.00335,-0.01288,
184060000000,0.01031,-0.04315,1.59765,0.99974,-0.01317,-0.01699,-0.00728,-0.02561,-0.00295,-0.01584,
184410000000,-0.00496,-0.04124,1.59650,0.99983,-0.01030,-0.01373,-0.00714,-0.02841,0.00010,0.00292,
184756000000,-0.01948,-0.04300,1.59499,0.99977,-0.01269,-0.01597,-0.00729,-0.03203,-0.00571,0.00195,
185282000000,-0.03677,-0.04373,1.59376,0.99978,-0.01193,-0.01556,-0.00696,-0.03066,-0.00549,0.01157,
185645000000,-0.05028,-0.04439,1.59317,0.99974,-0.01428,-0.01631,-0.00706,-0.03467,0.00259,-0.00009,
185997000000,-0.06494,-0.04082,1.59766,0.99981,-0.01116,-0.01464,-0.00676,-0.03443,0.01046,0.02441,
186394000000,-0.08199,-0.03818,1.60519,0.99979,-0.01256,-0.01454,-0.00670,-0.03480,0.00597,0.02434,
186614000000,-0.08913,-0.03591,1.60953,0.99982,-0.01150,-0.01335,-0.00658,-0.02585,0.00807,0.02263,
187003000000,-0.09922,-0.03397,1.61591,0.99977,-0.01315,-0.01545,-0.00693,-0.02408,0.00925,0.02433,
187404000000,-0.10812,-0.02715,1.62248,0.99976,-0.01486,-0.01435,-0.00685,-0.02430,0.02195,0.02874,
187775000000,-0.11685,-0.01835,1.63049,0.99982,-0.01282,-0.01265,-0.00643,-0.01507,0.02544,0.02769,
188045000000,-0.12165,-0.01328,1.63442,0.99975,-0.01745,-0.01298,-0.00602,-0.01275,0.02730,0.01533,
188372000000,-0.12055,-0.00070,1.64024,0.99985,-0.01168,-0.01113,-0.00610,0.00668,0.03830,0.02717,
188674000000,-0.11892,0.00481,1.64032,0.99977,-0.01493,-0.01391,-0.00583,0.00077,0.02635,0.00889,
189079000000,-0.11174,0.01924,1.64187,0.99985,-0.01131,-0.01198,-0.00591,0.01453,0.03488,0.01164,
189488000000,-0.10533,0.02851,1.64065,0.99979,-0.01495,-0.01225,-0.00606,0.01665,0.02598,-0.00095,
189846000000,-0.09362,0.03901,1.63878,0.99985,-0.01181,-0.01084,-0.00594,0.02886,0.02970,-0.00535,
190164000000,-0.08266,0.04477,1.63313,0.99985,-0.01181,-0.01136,-0.00570,0.03015,0.01795,-0.01405,
190587000000,-0.06422,0.04969,1.62653,0.99985,-0.01254,-0.01084,-0.00559,0.04340,0.00478,-0.01760,
190944000000,-0.04566,0.05091,1.61654,0.99987,-0.00934,-0.01199,-0.00568,0.04611,-0.00408,-0.02605,
191275000000,-0.03068,0.04891,1.60383,0.99983,-0.01221,-0.01284,-0.00589,0.04234,-0.01245,-0.03004,
191599000000,-0.02006,0.04682,1.59965,0.99989,-0.00846,-0.01083,-0.00614,0.04404,-0.01555,-0.01606,
191986000000,-0.00518,0.04113,1.59243,0.99981,-0.01107,-0.01455,-0.00616,0.03652,-0.02351,-0.00183,
192303000000,0.00549,0.03620,1.58979,0.99982,-0.01092,-0.01435,-0.00619,0.02819,-0.02088,-0.00608,
192680000000,0.01089,0.03004,1.58778,0.99981,-0.01029,-0.01527,-0.00629,0.01887,-0.02101,-0.00452,
193006000000,0.01087,0.02546,1.58771,0.99985,-0.01065,-0.01206,-0.00618,0.01254,-0.02194,0.00177,
193339000000,0.01163,0.01704,1.58713,0.99983,-0.00899,-0.01470,-0.00608,0.01112,-0.03019,-0.00402,
193690000000,0.01362,0.00881,1.58490,0.99983,-0.01224,-0.01286,-0.00589,0.00950,-0.02671,-0.00136,
194024000000,0.01530,0.00128,1.58450,0.99983,-0.00994,-0.01458,-0.00576,0.01223,-0.02404,-0.00006,
194427000000,0.01648,-0.00582,1.57830,0.99980,-0.01229,-0.01445,-0.00568,0.00641,-0.02026,-0.02427,
194793000000,0.01654,-0.01114,1.57128,0.99984,-0.01062,-0.01309,-0.00576,0.00725,-0.01705,-0.01675,
195070000000,0.01702,-0.01626,1.56293,0.99976,-0.01415,-0.01535,-0.00594,0.00501,-0.01679,-0.02543,
195444000000,0.01695,-0.01680,1.55662,0.99984,-0.01153,-0.01230,-0.00604,0.00648,0.00065,-0.01476,
195777000000,0.01700,-0.01882,1.54767,0.99975,-0.01407,-0.01668,-0.00561,0.00284,-0.00425,-0.02512,
196107000000,0.01550,-0.01470,1.54152,0.99987,-0.00942,-0.01244,-0.00502,0.00521,0.00520,-0.02251,
196412000000,0.01159,-0.01715,1.52914,0.99974,-0.01530,-0.01625,-0.00481,-0.00596,-0.00539,-0.03097,
196640000000,0.01298,-0.01493,1.52557,0.99980,-0.01033,-0.01624,-0.00481,0.00907,0.00611,-0.02579,
197009000000,0.00422,-0.01308,1.51400,0.99977,-0.01545,-0.01385,-0.00479,-0.01071,0.00572,-0.02418,
197451000000,-0.00231,-0.01080,1.50217,0.99983,-0.00989,-0.01488,-0.00443,-0.00523,0.00569,-0.03572,
197777000000,-0.00813,-0.00933,1.48575,0.99974,-0.01650,-0.01522,-0.00459,-0.01244,0.00915,-0.03801,
198052000000,-0.01125,-0.00489,1.47947,0.99983,-0.01009,-0.01451,-0.00431,0.00208,0.01868,-0.03327,
198391000000,-0.01801,-0.00185,1.46566,0.99973,-0.01629,-0.01569,-0.00432,-0.01283,0.01333,-0.02685,
198659000000,-0.02053,0.00403,1.46102,0.99981,-0.01129,-0.01541,-0.00425,-0.00024,0.02287,-0.01953,
198998000000,-0.02855,0.00983,1.45104,0.99976,-0.01623,-0.01440,-0.00430,-0.01105,0.02210,-0.02107,
199280000000,-0.03262,0.01705,1.44964,0.99983,-0.01149,-0.01384,-0.00428,-0.00100,0.02864,-0.00814,
199611000000,-0.03735,0.02551,1.44598,0.99980,-0.01388,-0.01402,-0.00412,-0.00539,0.02176,0.00087,
199997000000,-0.04027,0.03370,1.44600,0.99982,-0.01237,-0.01379,-0.00403,-0.00567,0.02389,0.01443,
200362000000,-0.04207,0.04152,1.44636,0.99978,-0.01599,-0.01306,-0.00420,0.00084,0.02491,-0.00129,
200709000000,-0.04088,0.04889,1.44602,0.99978,-0.01105,-0.01720,-0.00398,-0.00462,0.02567,0.00535,
201098000000,-0.04644,0.05928,1.44429,0.99978,-0.01486,-0.01433,-0.00378,-0.01320,0.02628,0.00641,
201328000000,-0.05138,0.06545,1.44597,0.99982,-0.01109,-0.01518,-0.00378,-0.01039,0.02399,-0.00381,
201658000000,-0.05674,0.07179,1.44346,0.99982,-0.01235,-0.01409,-0.00386,-0.01113,0.01583,-0.00282,
202002000000,-0.06188,0.07682,1.44380,0.99983,-0.01150,-0.01364,-0.00359,-0.00613,0.01061,0.00524,
202462000000,-0.06446,0.08036,1.44346,0.99979,-0.01371,-0.01504,-0.00353,-0.00219,0.01004,-0.00239,
202800000000,-0.06559,0.08530,1.44569,0.99985,-0.01066,-0.01351,-0.00321,0.00117,0.01178,0.01433,
203085000000,-0.06790,0.08745,1.44793,0.99985,-0.01128,-0.01264,-0.00316,-0.00065,0.00358,0.01372,
203468000000,-0.06659,0.08629,1.44963,0.99985,-0.00913,-0.01433,-0.00314,0.00204,-0.00900,0.00298,
203819000000,-0.06476,0.08187,1.44773,0.99984,-0.01059,-0.01398,-0.00293,0.00374,-0.01684,-0.00423,
204206000000,-0.06421,0.07609,1.44266,0.99984,-0.01144,-0.01331,-0.00279,0.00184,-0.01630,-0.02047,
204448000000,-0.06392,0.07277,1.43835,0.99984,-0.01046,-0.01407,-0.00286,0.00087,-0.01492,-0.01517,
204804000000,-0.06373,0.06797,1.43029,0.99983,-0.01170,-0.01434,-0.00264,-0.00072,-0.01350,-0.02594,
205068000000,-0.06411,0.06535,1.42367,0.99980,-0.01240,-0.01514,-0.00271,-0.00313,-0.00740,-0.01755,
205429000000,-0.06710,0.06293,1.41771,0.99981,-0.01144,-0.01539,-0.00255,-0.00811,-0.00492,-0.01683,
205793000000,-0.07237,0.06256,1.41093,0.99977,-0.01410,-0.01587,-0.00244,-0.01268,0.00353,-0.01605,
206112000000,-0.07848,0.06454,1.40752,0.99982,-0.00987,-0.01575,-0.00249,-0.01578,0.00583,-0.01121,
206443000000,-0.08741,0.06603,1.40042,0.99978,-0.01584,-0.01375,-0.00249,-0.01687,0.00862,-0.01209,
206772000000,-0.09279,0.06908,1.39997,0.99983,-0.01019,-0.01505,-0.00202,-0.00926,0.01220,-0.00636,
207173000000,-0.10038,0.07317,1.39427,0.99978,-0.01456,-0.01524,-0.00162,-0.01857,0.01222,-0.01727,
207427000000,-0.10560,0.07759,1.39411,0.99986,-0.00947,-0.01356,-0.00167,-0.01186,0.01731,-0.00242,
207742000000,-0.11221,0.07935,1.38822,0.99975,-0.01517,-0.01637,-0.00189,-0.01928,0.00706,-0.01430,
208115000000,-0.11794,0.08456,1.38949,0.99986,-0.01055,-0.01268,-0.00228,-0.01037,0.01538,0.01868,
208454000000,-0.12462,0.08407,1.39073,0.99974,-0.01348,-0.01846,-0.00193,-0.01886,0.00269,-0.00255,
208719000000,-0.12963,0.08960,1.39448,0.99988,-0.01018,-0.01193,-0.00191,-0.00991,0.02024,0.01920,
209100000000,-0.13742,0.09038,1.39715,0.99980,-0.01320,-0.01526,-0.00150,-0.00823,0.00731,0.00618,
209392000000,-0.13749,0.09323,1.39838,0.99983,-0.01008,-0.01530,-0.00136,-0.00257,0.00990,0.00369,
209754000000,-0.14239,0.09598,1.40013,0.99981,-0.01344,-0.01432,-0.00143,-0.00882,0.00789,0.01319,
210055000000,-0.14449,0.09763,1.40335,0.99984,-0.01018,-0.01470,-0.00155,-0.00212,0.00872,0.00484,
210311000000,-0.14713,0.09798,1.40146,0.99977,-0.01386,-0.01609,-0.00147,-0.01106,0.00408,0.00236,
210655000000,-0.15147,0.09981,1.40363,0.99985,-0.00895,-0.01469,-0.00142,-0.01058,0.00596,0.00326,
211015000000,-0.16018,0.09930,1.40076,0.99979,-0.01356,-0.01514,-0.00151,-0.01922,0.00039,-0.00427,
211348000000,-0.16577,0.09940,1.40021,0.99985,-0.00836,-0.01497,-0.00149,-0.01176,-0.00170,-0.00163,
211632000000,-0.17292,0.09698,1.39397,0.99976,-0.01397,-0.01678,-0.00177,-0.02304,-0.01040,-0.01819,
211969000000,-0.18099,0.09637,1.39159,0.99984,-0.00973,-0.01498,-0.00166,-0.01638,-0.00178,-0.00627,
212336000000,-0.19268,0.09256,1.38594,0.99979,-0.01261,-0.01628,-0.00155,-0.02170,-0.00857,-0.02198,
212697000000,-0.20108,0.09286,1.38176,0.99985,-0.01213,-0.01248,-0.00180,-0.01468,0.00263,-0.01069,
212998000000,-0.20709,0.09055,1.37953,0.99988,-0.00908,-0.01220,-0.00147,-0.00153,-0.00746,-0.00323,
213343000000,-0.20766,0.08415,1.37733,0.99985,-0.01095,-0.01323,-0.00147,0.00623,-0.01993,-0.00868,
213635000000,-0.20469,0.07837,1.37506,0.99987,-0.00925,-0.01312,-0.00128,0.01085,-0.02271,0.00304,
213917000000,-0.20189,0.07232,1.37554,0.99986,-0.01192,-0.01164,-0.00124,0.01371,-0.02127,0.00894,
214093000000,-0.19855,0.06796,1.37717,0.99986,-0.01112,-0.01253,-0.00119,0.01529,-0.02164,0.01278,
214376000000,-0.19211,0.06171,1.38160,0.99988,-0.01006,-0.01132,-0.00091,0.02275,-0.01958,0.01742,
214759000000,-0.18108,0.05403,1.38817,0.99989,-0.01112,-0.00988,-0.00086,0.03333,-0.01912,0.01910,
215200000000,-0.16071,0.04379,1.39602,0.99987,-0.01103,-0.01207,-0.00084,0.04270,-0.02236,0.01489,
215433000000,-0.14896,0.03931,1.40064,0.99989,-0.01091,-0.00971,-0.00067,0.04678,-0.01782,0.02759,
215780000000,-0.13086,0.03078,1.41071,0.99987,-0.01065,-0.01226,-0.00051,0.04913,-0.02211,0.02594,
216155000000,-0.10999,0.02353,1.41928,0.99986,-0.01359,-0.01018,-0.00054,0.05433,-0.01252,0.02050,
216478000000,-0.09072,0.01920,1.42729,0.99985,-0.01254,-0.01212,-0.00016,0.05967,-0.00624,0.02776,
216804000000,-0.07157,0.01754,1.43786,0.99987,-0.01108,-0.01178,-0.00037,0.05405,-0.00363,0.03129,
217174000000,-0.05199,0.01541,1.44922,0.99983,-0.01290,-0.01339,-0.00058,0.04975,-0.00082,0.03251,
217437000000,-0.04004,0.01626,1.45792,0.99988,-0.00984,-0.01161,-0.00064,0.04627,-0.00036,0.02554,
217779000000,-0.02495,0.01433,1.46358,0.99981,-0.01434,-0.01348,-0.00080,0.04312,-0.00235,0.01684,
218180000000,-0.00756,0.01509,1.47074,0.99984,-0.01229,-0.01263,-0.00069,0.04266,0.00573,0.01341,
218451000000,0.00302,0.01616,1.47125,0.99977,-0.01570,-0.01445,-0.00064,0.03756,0.01034,0.00313,
218814000000,0.01472,0.02285,1.47752,0.99981,-0.01446,-0.01280,-0.00004,0.03127,0.02555,0.02171,
219163000000,0.02369,0.03171,1.48466,0.99980,-0.01381,-0.01460,0.00000,0.02534,0.02827,0.02128,
219521000000,0.03191,0.04245,1.49335,0.99980,-0.01413,-0.01380,0.00009,0.02326,0.03200,0.02781,
219843000000,0.03769,0.05201,1.50045,0.99979,-0.01407,-0.01497,-0.00012,0.01901,0.03141,0.02437,
220216000000,0.04119,0.06417,1.51473,0.99985,-0.01123,-0.01350,0.00018,0.01393,0.02939,0.03036,
220571000000,0.04395,0.07184,1.52091,0.99980,-0.01408,-0.01446,0.00008,0.00968,0.01951,0.01899,
220874000000,0.04462,0.07830,1.52993,0.99986,-0.00983,-0.01336,0.00003,0.00860,0.01573,0.02498,
221102000000,0.04388,0.08063,1.53571,0.99981,-0.01118,-0.01567,0.00004,0.00538,0.00853,0.02503,
221362000000,0.04346,0.08280,1.54187,0.99986,-0.01234,-0.01155,0.00025,0.00579,0.00461,0.02367,
221718000000,0.04588,0.08206,1.54793,0.99981,-0.01146,-0.01587,-0.00004,0.00870,-0.00147,0.01455,
221999000000,0.04772,0.08303,1.55135,0.99983,-0.01382,-0.01230,-0.00007,0.00782,0.00487,0.01229,
222332000000,0.04885,0.08382,1.55752,0.99983,-0.01150,-0.01417,-0.00010,0.01129,0.00411,0.01956,
222698000000,0.05199,0.08368,1.56500,0.99983,-0.01149,-0.01472,-0.00001,0.00283,-0.00102,0.02739,
223040000000,0.05198,0.08254,1.57186,0.99981,-0.01142,-0.01610,-0.00023,-0.00170,-0.00115,0.02172,
223384000000,0.04873,0.08120,1.57818,0.99982,-0.01120,-0.01552,0.00002,-0.00814,-0.00319,0.01727,
223778000000,0.04083,0.07853,1.58323,0.99980,-0.01176,-0.01594,0.00006,-0.01544,-0.00240,0.01302,
224166000000,0.03104,0.07737,1.59150,0.99983,-0.01036,-0.01554,0.00009,-0.01918,-0.00242,0.01804,
224463000000,0.02105,0.07784,1.59939,0.99980,-0.01188,-0.01589,0.00005,-0.02432,-0.00323,0.02389,
224864000000,0.00915,0.07624,1.60796,0.99981,-0.01213,-0.01541,0.00021,-0.02736,0.00031,0.02500,
225093000000,0.00086,0.07611,1.61340,0.99983,-0.01152,-0.01450,0.00046,-0.02659,0.00063,0.02233,
225476000000,-0.00996,0.07341,1.62212,0.99985,-0.00922,-0.01436,0.00077,-0.02090,-0.01017,0.02033,
225829000000,-0.01766,0.06728,1.62818,0.99985,-0.00917,-0.01468,0.00060,-0.01943,-0.01911,0.01772,
226061000000,-0.02218,0.06205,1.63110,0.99985,-0.00922,-0.01464,0.00039,-0.01850,-0.02129,0.01661,
226393000000,-0.02919,0.05371,1.63576,0.99986,-0.00921,-0.01386,0.00041,-0.01593,-0.02663,0.01450,
226762000000,-0.03560,0.04148,1.64123,0.99986,-0.00883,-0.01428,0.00050,-0.01422,-0.03452,0.01850,
227143000000,-0.04103,0.02715,1.64758,0.99986,-0.00763,-0.01518,0.00039,-0.01425,-0.03749,0.02146,
227363000000,-0.04537,0.01868,1.65067,0.99982,-0.01050,-0.01588,0.00021,-0.01981,-0.03520,0.01958,
227668000000,-0.05289,0.00912,1.66020,0.99984,-0.01026,-0.01490,0.00010,-0.01978,-0.02714,0.03107,
228017000000,-0.06335,-0.00164,1.66872,0.99981,-0.01031,-0.01630,0.00022,-0.02339,-0.02588,0.02407,
228310000000,-0.07258,-0.00885,1.67592,0.99980,-0.01120,-0.01687,0.00009,-0.03203,-0.02046,0.03114,
228684000000,-0.08955,-0.01526,1.68759,0.99982,-0.01166,-0.01510,0.00013,-0.03424,-0.00973,0.02825,
229171000000,-0.10734,-0.01991,1.70139,0.99980,-0.01079,-0.01695,0.00032,-0.02979,-0.00300,0.02525,
229562000000,-0.12425,-0.02164,1.71142,0.99983,-0.01120,-0.01472,0.00063,-0.03700,-0.00259,0.02544,
229932000000,-0.13990,-0.02478,1.72087,0.99980,-0.01076,-0.01676,0.00082,-0.03516,-0.00385,0.03451,
230336000000,-0.15893,-0.02661,1.80570,0.99988,-0.01026,-0.01171,-0.00002,-0.04304,0.00262,0.49495,
230671000000,-0.18676,-0.03230,2.10491,0.99986,-0.00919,-0.01423,0.00089,-0.06155,0.00075,1.32243,
231027000000,-0.22132,-0.04056,2.68394,0.99985,-0.00899,-0.01457,0.00101,-0.07961,0.00292,1.81601,
231382000000,-0.25705,-0.04366,3.35364,0.99985,-0.00862,-0.01471,0.00094,-0.08511,-0.00655,1.86425,
231648000000,-0.27722,-0.04693,3.83971,0.99988,-0.00800,-0.01347,0.00088,-0.08743,-0.01023,1.85817,
231992000000,-0.30554,-0.04936,4.49028,0.99985,-0.00790,-0.01504,0.00146,-0.08813,-0.01309,1.92728,
232335000000,-0.33111,-0.04828,5.16127,0.99985,-0.00829,-0.01541,0.00129,-0.08904,-0.00982,1.98029,
232579000000,-0.34908,-0.04679,5.64748,0.99983,-0.00808,-0.01626,0.00130,-0.09273,-0.00568,1.99581,
232791000000,-0.36392,-0.04646,6.07239,0.99983,-0.00800,-0.01682,0.00145,-0.09625,-0.00515,2.00656,
232951000000,-0.37693,-0.04340,6.39424,0.99982,-0.00878,-0.01698,0.00158,-0.09876,-0.00180,2.01608,
233150000000,-0.39113,-0.04327,6.79708,0.99983,-0.00860,-0.01626,0.00136,-0.09965,0.00112,2.02579,
233396000000,-0.41540,-0.03864,7.29629,0.99985,-0.00804,-0.01560,0.00140,-0.09890,0.00634,2.03313,
233616000000,-0.43984,-0.04001,7.74317,0.99984,-0.00763,-0.01621,0.00158,-0.10059,0.00463,2.03191,
233779000000,-0.46089,-0.03834,8.07490,0.99984,-0.00785,-0.01583,0.00158,-0.10232,0.00696,2.03121,
233953000000,-0.48466,-0.04116,8.42914,0.99983,-0.00828,-0.01612,0.00192,-0.10880,0.00545,2.02838,
234172000000,-0.50986,-0.04165,8.87338,0.99983,-0.00870,-0.01623,0.00181,-0.10985,0.00644,2.02622,
234368000000,-0.53865,-0.04114,9.27183,0.99983,-0.00746,-0.01696,0.00192,-0.11651,0.00669,2.02458,
234609000000,-0.57033,-0.03627,9.76039,0.99984,-0.00860,-0.01582,0.00167,-0.11782,0.00943,2.01936,
234820000000,-0.59349,-0.03358,10.18705,0.99985,-0.00794,-0.01509,0.00198,-0.11367,0.01198,2.01847,
234999000000,-0.61467,-0.03090,10.54714,0.99987,-0.00815,-0.01395,0.00221,-0.10812,0.01299,2.01176,
235177000000,-0.63416,-0.03378,10.90545,0.99986,-0.00861,-0.01385,0.00217,-0.10195,0.00880,2.00852,
235358000000,-0.65023,-0.02922,11.26851,0.99985,-0.00782,-0.01525,0.00214,-0.09601,0.01288,2.00535,
235490000000,-0.66039,-0.02763,11.53262,0.99985,-0.00813,-0.01504,0.00217,-0.09324,0.01365,1.99866,
235647000000,-0.67416,-0.02899,11.84622,0.99984,-0.00869,-0.01535,0.00222,-0.09331,0.01328,1.99414,
235814000000,-0.68705,-0.02924,12.17890,0.99985,-0.00890,-0.01497,0.00216,-0.09025,0.01376,1.99310,
235992000000,-0.69969,-0.02718,12.53386,0.99986,-0.00864,-0.01389,0.00213,-0.08365,0.01525,1.98983,
236206000000,-0.71511,-0.02522,12.96043,0.99988,-0.00832,-0.01254,0.00244,-0.07384,0.01744,1.98636,
236371000000,-0.72471,-0.02665,13.28817,0.99988,-0.00925,-0.01206,0.00250,-0.06459,0.01567,1.98346,
236533000000,-0.73254,-0.02309,13.60985,0.99988,-0.00816,-0.01316,0.00232,-0.05754,0.01560,1.99006,
236695000000,-0.72399,-0.01539,13.93178,0.99989,-0.00693,-0.01295,0.00245,-0.04469,0.01621,1.99171,
236878000000,-0.72871,-0.01768,14.29616,0.99989,-0.00814,-0.01204,0.00270,-0.03730,0.01136,1.99056,
237062000000,-0.73463,-0.01789,14.66237,0.99989,-0.00727,-0.01251,0.00258,-0.03089,0.00603,1.98928,
237273000000,-0.73785,-0.02543,15.08238,0.99989,-0.00583,-0.01301,0.00268,-0.02763,-0.00280,1.98620,
237454000000,-0.74687,-0.03723,15.44123,0.99989,-0.00807,-0.01186,0.00267,-0.02606,-0.00908,1.98749,
237642000000,-0.75343,-0.05261,15.81459,0.99989,-0.00775,-0.01231,0.00295,-0.02433,-0.01604,1.99116,
237894000000,-0.75573,-0.05917,16.31783,0.99991,-0.00537,-0.01216,0.00287,-0.01828,-0.02297,1.99583,
238072000000,-0.76361,-0.06783,16.67274,0.99991,-0.00652,-0.01135,0.00289,-0.01841,-0.02734,1.99529,
238248000000,-0.77130,-0.08611,17.02137,0.99989,-0.00762,-0.01256,0.00325,-0.02084,-0.03411,1.99877,
238414000000,-0.76865,-0.09024,17.34994,0.99988,-0.00650,-0.01362,0.00329,-0.01651,-0.03476,1.99050,
238558000000,-0.77108,-0.08668,17.63572,0.99989,-0.00676,-0.01317,0.00294,-0.01783,-0.03010,1.98887,
238679000000,-0.76941,-0.10028,17.87201,0.99988,-0.00747,-0.01322,0.00277,-0.01753,-0.03347,1.98449,
238922000000,-0.77292,-0.11079,18.35163,0.99987,-0.00795,-0.01397,0.00278,-0.01893,-0.03222,1.98567,
239152000000,-0.78032,-0.11633,18.80708,0.99987,-0.00769,-0.01403,0.00262,-0.02591,-0.02930,1.99142,
239313000000,-0.77903,-0.12292,19.12359,0.99987,-0.00719,-0.01413,0.00245,-0.02557,-0.02952,1.99341,
239512000000,-0.78003,-0.12841,19.52084,0.99986,-0.00613,-0.01528,0.00256,-0.02756,-0.03110,1.99722,
239761000000,-0.79593,-0.12852,20.01664,0.99986,-0.00810,-0.01437,0.00248,-0.03394,-0.02710,2.00081,
239951000000,-0.81032,-0.11377,20.39381,0.99988,-0.00822,-0.01279,0.00259,-0.03655,-0.01768,2.00321,
240153000000,-0.82377,-0.11133,20.80312,0.99988,-0.00710,-0.01345,0.00232,-0.03638,-0.01239,2.01432,
240350000000,-0.84115,-0.11537,21.19805,0.99986,-0.00936,-0.01340,0.00246,-0.03894,-0.00885,2.01758,
240552000000,-0.85535,-0.11499,21.60509,0.99987,-0.00856,-0.01326,0.00261,-0.03747,-0.00542,2.01784,
240683000000,-0.88763,-0.10346,21.87550,0.99989,-0.00749,-0.01268,0.00261,-0.04767,0.00158,2.01941,
240980000000,-0.89887,-0.10173,22.47173,0.99985,-0.00865,-0.01450,0.00254,-0.04595,0.00225,2.01135,
241174000000,-0.90389,-0.10466,22.85948,0.99987,-0.00801,-0.01407,0.00276,-0.04093,0.00239,1.99588,
241431000000,-0.91967,-0.10087,23.37800,0.99990,-0.00685,-0.01239,0.00277,-0.04441,0.00197,1.99699,
241550000000,-0.92549,-0.10330,23.61490,0.99987,-0.00795,-0.01365,0.00266,-0.04402,0.00089,1.99824,
241779000000,-0.94473,-0.11228,24.06627,0.99985,-0.00929,-0.01422,0.00266,-0.04669,-0.00119,1.99259,
241984000000,-0.95825,-0.10260,24.47804,0.99989,-0.00722,-0.01289,0.00259,-0.04897,0.00704,1.99380,
242140000000,-0.96929,-0.09120,24.78757,0.99987,-0.00852,-0.01364,0.00240,-0.05101,0.01244,1.99402,
242354000000,-0.97688,-0.08749,25.20932,0.99986,-0.00806,-0.01475,0.00251,-0.04919,0.01181,1.98794,
242523000000,-0.98120,-0.08470,25.54866,0.99988,-0.00696,-0.01347,0.00238,-0.04955,0.01179,1.99146,
242706000000,-1.00096,-0.07377,25.91562,0.99988,-0.00850,-0.01241,0.00218,-0.05228,0.01827,1.99394,
242923000000,-1.03640,-0.04994,26.34697,0.99987,-0.01024,-0.01251,0.00225,-0.05884,0.03031,1.98654,
243158000000,-1.05614,-0.04852,26.81277,0.99987,-0.00890,-0.01318,0.00216,-0.06113,0.03413,1.98449,
243362000000,-1.06548,-0.04606,27.21800,0.99987,-0.00968,-0.01271,0.00198,-0.05634,0.03916,1.98463,
243569000000,-1.07936,-0.04326,27.62651,0.99985,-0.01160,-0.01276,0.00197,-0.05910,0.04329,1.98769,
243701000000,-1.08923,-0.03501,27.88975,0.99984,-0.01142,-0.01394,0.00172,-0.06269,0.05016,1.99053,
243954000000,-1.08825,-0.01632,28.39608,0.99985,-0.00942,-0.01421,0.00121,-0.06169,0.05905,1.98881,
244149000000,-1.09932,-0.00485,28.78502,0.99985,-0.01094,-0.01317,0.00128,-0.06492,0.06370,1.98631,
244369000000,-1.11599,0.01756,29.21950,0.99983,-0.01224,-0.01377,0.00124,-0.06800,0.07313,1.98368,
244612000000,-1.14645,0.04804,29.71221,0.99985,-0.00971,-0.01434,0.00118,-0.07402,0.08103,1.98950,
244813000000,-1.16100,0.04898,30.11724,0.99985,-0.00986,-0.01393,0.00104,-0.08079,0.07609,1.99288,
245039000000,-1.17696,0.06823,30.56715,0.99983,-0.01047,-0.01502,0.00092,-0.08568,0.07669,1.99839,
245191000000,-1.19038,0.07976,30.87055,0.99983,-0.00975,-0.01573,0.00081,-0.08901,0.07552,1.99090,
245378000000,-1.14887,0.07515,31.25140,0.99986,-0.00859,-0.01430,0.00072,-0.07059,0.06785,1.98923,
245550000000,-1.16229,0.07818,31.59344,0.99984,-0.00935,-0.01540,0.00069,-0.07504,0.06275,1.98219,
245737000000,-1.17034,0.08002,31.96161,0.99983,-0.00984,-0.01552,0.00062,-0.07694,0.05605,1.97006,
245953000000,-1.17414,0.09260,32.39429,0.99986,-0.00792,-0.01461,0.00065,-0.07511,0.05478,1.96142,
246191000000,-1.20756,0.12663,32.86321,0.99985,-0.00907,-0.01444,0.00035,-0.08358,0.05905,1.96123,
246374000000,-1.21476,0.15255,33.22852,0.99984,-0.00951,-0.01519,0.00004,-0.07976,0.06476,1.96279,
246592000000,-1.22894,0.16061,33.65352,0.99983,-0.00817,-0.01642,-0.00028,-0.08200,0.06114,1.95651,
246825000000,-1.24575,0.16280,34.11058,0.99984,-0.00921,-0.01512,-0.00012,-0.08708,0.05663,1.96147,
247051000000,-1.25985,0.15945,34.55769,0.99984,-0.00838,-0.01555,-0.00023,-0.08679,0.05019,1.96177,
247310000000,-1.24380,0.16345,35.06706,0.99985,-0.00883,-0.01503,-0.00021,-0.07389,0.04854,1.95986,
247555000000,-1.28530,0.15636,35.54477,0.99986,-0.00929,-0.01423,-0.00036,-0.08135,0.04393,1.95517,
247735000000,-1.31394,0.16790,35.89830,0.99987,-0.00805,-0.01408,-0.00036,-0.08400,0.04434,1.95033,
247910000000,-1.33030,0.17182,36.24076,0.99986,-0.00780,-0.01469,-0.00036,-0.08189,0.04199,1.94921,
248103000000,-1.34036,0.17543,36.61253,0.99985,-0.00872,-0.01527,-0.00034,-0.08105,0.03858,1.94935,
248368000000,-1.37596,0.17252,37.13114,0.99988,-0.00739,-0.01389,-0.00054,-0.08339,0.03521,1.94887,
248555000000,-1.38531,0.15797,37.49965,0.99987,-0.00788,-0.01387,-0.00026,-0.08207,0.02781,1.95333,
248743000000,-1.39228,0.14489,37.86337,0.99984,-0.00811,-0.01587,-0.00017,-0.07755,0.01965,1.95491,
248877000000,-1.40475,0.13795,38.11978,0.99984,-0.00776,-0.01596,-0.00033,-0.08174,0.01543,1.95470,
249064000000,-1.45331,0.12722,38.48736,0.99986,-0.00666,-0.01519,-0.00013,-0.09438,0.00783,1.95553,
249337000000,-1.47791,0.14399,39.02453,0.99987,-0.00674,-0.01478,-0.00048,-0.09375,0.00685,1.96020,
249521000000,-1.50535,0.15779,39.38401,0.99988,-0.00662,-0.01389,-0.00045,-0.09607,0.00673,1.95516,
249686000000,-1.52150,0.17045,39.71001,0.99988,-0.00518,-0.01439,-0.00065,-0.09457,0.00600,1.95396,
249913000000,-1.54317,0.16989,40.15242,0.99987,-0.00600,-0.01506,-0.00048,-0.09578,-0.00150,1.95673,
250072000000,-1.57074,0.16733,40.46164,0.99988,-0.00623,-0.01421,-0.00045,-0.09964,-0.00505,1.96112,
250262000000,-1.61674,0.16714,40.84052,0.99989,-0.00507,-0.01415,-0.00032,-0.10830,-0.00804,1.96509,
250535000000,-1.62364,0.16394,41.37482,0.99986,-0.00636,-0.01546,-0.00041,-0.10468,-0.01179,1.95713,
250757000000,-1.65061,0.15774,41.80920,0.99988,-0.00635,-0.01416,-0.00039,-0.10681,-0.01266,1.95523,
250932000000,-1.66574,0.15035,42.15708,0.99988,-0.00579,-0.01407,-0.00025,-0.10576,-0.01360,1.96312,
251118000000,-1.67368,0.14790,42.52527,0.99988,-0.00664,-0.01376,-0.00038,-0.10073,-0.01284,1.96826,
251272000000,-1.68951,0.14646,42.81903,0.99988,-0.00663,-0.01381,-0.00035,-0.10497,-0.01100,1.96595,
251446000000,-1.68504,0.15233,43.16530,0.99989,-0.00633,-0.01360,-0.00024,-0.09653,-0.00787,1.96826,
251670000000,-1.69342,0.14294,43.60962,0.99988,-0.00640,-0.01400,-0.00031,-0.09134,-0.00929,1.96482,
251891000000,-1.68538,0.14488,44.05381,0.99989,-0.00605,-0.01335,-0.00048,-0.08187,-0.00687,1.97059,
252123000000,-1.67595,0.14655,44.52228,0.99990,-0.00572,-0.01262,-0.00060,-0.06915,-0.00723,1.97602,
252342000000,-1.66325,0.14879,44.95744,0.99988,-0.00675,-0.01383,-0.00048,-0.06163,-0.00549,1.98243,
252522000000,-1.68147,0.13553,45.31488,0.99987,-0.00660,-0.01502,-0.00042,-0.06595,-0.00993,1.97572,
252695000000,-1.70134,0.11765,45.67013,0.99990,-0.00547,-0.01333,-0.00040,-0.06830,-0.01417,1.97396,
252849000000,-1.71432,0.11319,45.97651,0.99989,-0.00698,-0.01320,-0.00048,-0.07064,-0.01093,1.96475,
253083000000,-1.73856,0.10106,46.40785,0.99987,-0.00802,-0.01431,-0.00034,-0.06827,-0.01399,1.75485,
253298000000,-1.75590,0.10145,46.76537,0.99988,-0.00749,-0.01370,-0.00035,-0.06589,-0.00883,1.60253,
253495000000,-1.79196,0.11507,47.06606,0.99989,-0.00810,-0.01279,-0.00044,-0.07029,-0.00283,1.48855,
253674000000,-1.80666,0.12412,47.32335,0.99988,-0.00770,-0.01327,-0.00041,-0.06647,0.00252,1.39226,
253914000000,-1.81696,0.14459,47.64968,0.99988,-0.00786,-0.01329,-0.00052,-0.05861,0.00670,1.26488,
254052000000,-1.79658,0.16430,47.81836,0.99987,-0.00834,-0.01355,-0.00045,-0.05053,0.01131,1.19336,
254303000000,-1.80186,0.15257,48.10295,0.99987,-0.00707,-0.01428,-0.00054,-0.04665,0.00715,1.06944,
254579000000,-1.79626,0.15020,48.37477,0.99986,-0.00908,-0.01438,-0.00081,-0.04371,0.00683,0.94774,
254863000000,-1.78022,0.14730,48.61314,0.99983,-0.00875,-0.01633,-0.00126,-0.03629,0.00861,0.82858,
255092000000,-1.72213,0.15909,48.78720,0.99983,-0.00954,-0.01553,-0.00136,-0.02045,0.01468,0.73925,
255298000000,-1.74458,0.13418,48.92032,0.99979,-0.01042,-0.01746,-0.00100,-0.02854,0.01122,0.66699,
255461000000,-1.67503,0.11587,49.01006,0.99981,-0.01047,-0.01639,-0.00084,-0.00495,0.00972,0.61993,
255729000000,-1.69572,0.12497,49.16761,0.99981,-0.01013,-0.01637,-0.00092,-0.01269,0.01566,0.54300,
256007000000,-1.57616,0.12187,49.27934,0.99981,-0.01035,-0.01634,-0.00086,0.02652,0.01564,0.46877,
256298000000,-1.59496,0.13177,49.39683,0.99981,-0.01055,-0.01622,-0.00103,0.02181,0.01980,0.40614,
256488000000,-1.51008,0.03294,49.45780,0.99871,-0.01968,-0.01478,0.04448,0.03032,0.10459,0.40937,
256775000000,-1.51817,0.04803,49.56346,0.98175,-0.08767,-0.07016,0.15351,-0.13917,0.27612,0.31126,
257181000000,-1.65345,0.24004,49.66168,0.93961,-0.14828,-0.04373,0.30535,-0.53978,0.83181,0.20691,
257704000000,-2.01680,0.78032,49.73491,0.85884,-0.08552,-0.03848,0.50358,-0.82284,1.20221,0.01581,
257908000000,-2.47561,0.93795,49.43467,0.81813,-0.05690,-0.01027,0.57212,-1.02818,1.15415,-0.07061,
258124000000,-2.90599,0.77333,49.29209,0.76480,-0.07243,-0.01881,0.63991,-1.24741,0.87830,-0.11765,
258422000000,-3.38793,-0.01006,49.17403,0.68351,-0.06175,-0.01488,0.72717,-1.42334,0.16239,-0.16358,
258731000000,-3.76085,0.39997,49.33795,0.59047,-0.06613,-0.00318,0.80434,-1.58923,0.24157,-0.12452,
259081000000,-4.13515,1.35475,49.35254,0.47518,-0.07360,0.01060,0.87674,-1.66186,0.74771,-0.12031,
259463000000,-3.86281,2.76382,49.46573,0.44253,-0.07677,0.04533,0.89231,-1.15418,1.73864,-0.06044,
259866000000,-4.54423,0.68372,49.06210,0.44349,-0.06028,0.03515,0.89356,-0.93357,0.00739,-0.12838,
260636000000,-3.96588,5.96287,49.40859,0.44651,-0.08888,0.04870,0.88902,-0.78592,2.94865,-0.11313,
260934000000,-5.44597,6.40240,49.24903,0.44704,-0.08900,0.04310,0.88903,-1.50664,2.79605,-0.17880,
261245000000,-6.44322,6.64613,49.20814,0.44736,-0.08955,0.03739,0.88907,-1.86409,2.59152,-0.18086,
261553000000,-6.92222,7.35991,49.19121,0.44709,-0.09088,0.03714,0.88908,-1.94744,2.66992,-0.17953,
261901000000,-7.46388,8.25634,49.16308,0.44676,-0.09212,0.03758,0.88910,-2.03361,2.78636,-0.18567,
262280000000,-8.04836,9.27225,49.12337,0.44645,-0.09301,0.03683,0.88920,-2.10458,2.90936,-0.20316,
262736000000,-8.73928,10.40598,49.09795,0.44652,-0.09388,0.03884,0.88899,-2.16327,3.00454,-0.21573,
263304000000,-9.40171,11.44496,49.12883,0.44680,-0.09419,0.04073,0.88873,-2.12993,2.98279,-0.19580,
263897000000,-9.92021,12.21095,49.19404,0.44675,-0.09386,0.04060,0.88880,-2.03430,2.86727,-0.14941,
264620000000,-10.56468,13.16485,49.26364,0.44664,-0.09366,0.04136,0.88884,-1.93986,2.75971,-0.13370,
265567000000,-9.87803,11.97220,49.54242,0.44734,-0.09204,0.04312,0.88857,-1.40749,2.06180,-0.04298,
267007000000,-10.17303,12.39712,49.62469,0.44743,-0.09184,0.04568,0.88842,-1.10585,1.70802,0.00301,
267818000000,-10.82646,13.42355,49.61177,0.44714,-0.09228,0.04493,0.88856,-1.08101,1.68565,0.00032,
268695000000,-14.23309,18.06939,49.21501,0.44778,-0.09459,0.04398,0.88804,-1.58739,2.15142,-0.08582,
269515000000,-12.31957,15.72213,49.57121,0.44747,-0.09334,0.04660,0.88819,-1.05172,1.65333,-0.01163,
270019000000,-22.11606,26.90687,47.18736,0.45587,-0.06763,0.02517,0.88712,-2.61428,2.73513,-0.47110,
270403000000,-21.87786,27.01265,47.43632,0.47406,-0.09997,0.04278,0.87375,-2.31674,2.71973,-0.34835,
270709000000,-17.21002,22.79154,48.89583,0.57923,-0.02292,0.06279,0.81242,-1.24435,2.17646,-0.13955,
270991000000,-15.33320,20.37211,49.13752,0.66582,0.00966,0.09030,0.74056,-0.50540,1.71959,-0.13450,
271246000000,-14.99280,20.32948,49.17789,0.73553,0.03898,0.12396,0.66491,0.04937,1.57898,-0.10448,
271590000000,-12.00250,16.91748,49.18548,0.82179,0.01529,0.08494,0.56322,1.00124,0.92328,-0.10966,
271814000000,-14.51380,20.85595,49.06525,0.86901,0.01912,0.08242,0.48750,0.70323,1.38185,-0.14112,
272058000000,-11.06073,16.33708,49.05640,0.90799,0.00882,0.12584,0.39956,1.68204,0.14715,-0.14325,
272411000000,-11.13811,17.36230,49.04959,0.95978,-0.01318,0.05864,0.27423,1.60885,0.35505,-0.11676,
272746000000,-10.32300,16.95797,48.98853,0.97317,-0.02223,0.06339,0.22007,1.62284,0.13065,-0.14958,
273151000000,-10.10092,17.68541,48.93301,0.97306,-0.01847,0.07073,0.21866,1.49649,0.31172,-0.15106,
273369000000,-12.77625,21.68276,48.72408,0.97304,-0.02198,0.06938,0.21887,0.42699,1.72010,-0.21248,
273663000000,-11.25867,20.57864,48.63132,0.97292,-0.01673,0.07292,0.21869,1.00362,1.08644,-0.22611,
273952000000,-10.35137,20.20726,48.75445,0.97268,-0.01680,0.07484,0.21910,1.24583,0.83134,-0.15708,
274194000000,-9.81516,20.10608,48.82721,0.97256,-0.01486,0.07545,0.21957,1.34404,0.71767,-0.11570,
274557000000,-9.26760,20.26648,48.85856,0.97236,-0.01339,0.07672,0.22012,1.39817,0.65280,-0.07860,
274877000000,-8.81339,20.42744,48.86907,0.97214,-0.01328,0.07813,0.22061,1.43465,0.60800,-0.06426,
275209000000,-8.33910,20.59732,48.88416,0.97204,-0.01149,0.07921,0.22074,1.46881,0.57071,-0.05496,
275433000000,-8.02846,20.71820,48.89960,0.97189,-0.01160,0.08058,0.22091,1.48513,0.55103,-0.05082,
275819000000,-7.46453,20.85426,48.92980,0.97155,-0.01207,0.08188,0.22192,1.51646,0.50689,-0.04473,
276126000000,-7.02881,20.96149,48.97992,0.97129,-0.01059,0.08432,0.22220,1.52900,0.48245,-0.02489,
276460000000,-6.57327,21.10318,49.00288,0.97105,-0.01286,0.08449,0.22305,1.54018,0.46403,-0.01321,
276821000000,-6.11491,21.20403,49.06739,0.97078,-0.01409,0.08538,0.22382,1.52431,0.44144,0.00278,
277129000000,-5.69740,21.33690,49.07920,0.97058,-0.01500,0.08551,0.22459,1.52142,0.43821,-0.00087,
277445000000,-5.24486,21.47146,49.10584,0.97017,-0.01519,0.08775,0.22546,1.52630,0.43979,0.00226,
277658000000,-4.93440,21.54368,49.13895,0.97001,-0.01556,0.08876,0.22576,1.53212,0.43686,0.00511,
277832000000,-4.68862,21.62248,49.15022,0.96989,-0.01523,0.08907,0.22616,1.53389,0.44004,0.00322,
278074000000,-4.33320,21.74918,49.17022,0.96973,-0.01589,0.09055,0.22623,1.54277,0.44794,0.00766,
278379000000,-3.83156,21.90843,49.18179,0.96978,-0.01299,0.09057,0.22616,1.56875,0.44404,0.00536,
278643000000,-3.42830,22.04456,49.18137,0.96949,-0.01593,0.09182,0.22673,1.57453,0.44343,-0.00061,
278910000000,-3.00795,22.18676,49.18054,0.96927,-0.01630,0.09203,0.22756,1.58406,0.44729,-0.00265,
279225000000,-2.52759,22.36785,49.18182,0.96914,-0.01677,0.09262,0.22784,1.59253,0.45582,0.00835,
279532000000,-1.89864,22.53374,49.20483,0.96895,-0.01602,0.09357,0.22830,1.63404,0.45719,0.01342,
279816000000,-1.42835,22.71286,49.20532,0.96892,-0.01619,0.09389,0.22831,1.64471,0.46068,-0.00163,
280147000000,-0.83743,22.92415,49.20222,0.96864,-0.01701,0.09509,0.22894,1.66316,0.47221,-0.00384,
280369000000,-0.45908,23.06974,49.19571,0.96851,-0.01873,0.09532,0.22923,1.66915,0.48428,-0.00640,
280656000000,0.03109,23.25275,49.17869,0.96839,-0.01839,0.09556,0.22967,1.67818,0.49636,-0.01603,
280977000000,0.60799,23.46965,49.17022,0.96817,-0.01893,0.09640,0.23022,1.69339,0.51153,-0.01393,
281289000000,1.33698,23.73106,49.15391,0.96799,-0.01972,0.09710,0.23062,1.74010,0.53306,-0.01732,
281578000000,1.90983,23.94443,49.12433,0.96798,-0.01887,0.09687,0.23080,1.76002,0.54541,-0.01604,
281751000000,2.22552,24.07119,49.09481,0.96792,-0.01972,0.09645,0.23118,1.76074,0.55110,-0.02330,
282143000000,2.90107,24.33305,49.09075,0.96759,-0.02042,0.09838,0.23169,1.76564,0.56481,-0.02725,
282378000000,3.31899,24.48762,49.08679,0.96756,-0.02033,0.09809,0.23192,1.77593,0.56939,-0.02280,
282722000000,3.98667,24.75916,49.07056,0.96739,-0.02020,0.09910,0.23220,1.79841,0.58358,-0.01574,
282900000000,4.49088,24.94744,49.05018,0.96739,-0.02021,0.09895,0.23228,1.83744,0.59119,-0.02057,
283224000000,5.10765,25.19215,49.03666,0.96722,-0.01988,0.09996,0.23257,1.84686,0.60249,-0.02742,
283649000000,5.90273,25.54011,49.03451,0.96714,-0.02006,0.10124,0.23235,1.86815,0.62290,-0.00943,
283862000000,6.25816,25.71339,49.04029,0.96715,-0.02038,0.10115,0.23233,1.87106,0.63401,-0.00648,
284183000000,7.00957,26.03074,49.02080,0.96712,-0.02033,0.10162,0.23224,1.90460,0.64984,-0.01242,
284473000000,7.59285,26.27730,48.99866,0.96697,-0.02155,0.10155,0.23278,1.91660,0.66201,-0.01411,
284750000000,8.15676,26.50260,48.97566,0.96680,-0.02146,0.10195,0.23335,1.92839,0.67064,-0.01513,
284983000000,8.66546,26.70621,48.95223,0.96689,-0.02091,0.10119,0.23332,1.94029,0.67876,-0.01299,
285286000000,9.20538,26.94063,48.93725,0.96667,-0.02266,0.10238,0.23356,1.93872,0.68793,-0.01433,
285613000000,10.43727,27.44729,48.88278,0.96677,-0.02249,0.10260,0.23309,2.02675,0.73587,-0.02163,
285823000000,10.90472,27.63519,48.86200,0.96663,-0.02299,0.10295,0.23346,2.03903,0.74746,-0.02810,
286128000000,11.51994,27.89664,48.84120,0.96659,-0.02245,0.10314,0.23360,2.04678,0.75737,-0.02336,
286460000000,12.18249,28.18164,48.80958,0.96642,-0.02267,0.10361,0.23404,2.05069,0.76552,-0.03663,
286739000000,12.71506,28.42264,48.78130,0.96638,-0.02327,0.10408,0.23395,2.05191,0.77403,-0.04536,
287044000000,13.77556,28.82791,48.74247,0.96623,-0.02362,0.10432,0.23443,2.11548,0.79700,-0.05107,
287308000000,14.27811,29.04165,48.74224,0.96616,-0.02288,0.10506,0.23445,2.12009,0.80636,-0.05053,
287597000000,14.86112,29.28649,48.72255,0.96608,-0.02346,0.10524,0.23467,2.12991,0.81145,-0.04997,
287903000000,15.47653,29.55739,48.69140,0.96610,-0.02373,0.10486,0.23473,2.13395,0.81951,-0.04793,
288259000000,16.16537,29.86304,48.66690,0.96609,-0.02317,0.10495,0.23476,2.14003,0.82554,-0.04997,
288581000000,17.11929,30.28343,48.63441,0.96603,-0.02280,0.10635,0.23441,2.18567,0.84279,-0.05374,
288924000000,17.81835,30.58871,48.60197,0.96607,-0.02318,0.10600,0.23438,2.19256,0.84689,-0.05286,
289186000000,18.33317,30.81750,48.57339,0.96597,-0.02308,0.10610,0.23477,2.19283,0.85064,-0.05730,
289487000000,18.98211,31.09862,48.53231,0.96603,-0.02328,0.10613,0.23448,2.20213,0.85350,-0.05686,
289829000000,19.67058,31.41349,48.49430,0.96597,-0.02361,0.10611,0.23472,2.20232,0.86256,-0.06483,
290209000000,20.42115,31.75136,48.45481,0.96583,-0.02451,0.10700,0.23480,2.20113,0.86927,-0.06796,
290482000000,20.95674,32.00058,48.42511,0.96599,-0.02424,0.10628,0.23447,2.19826,0.87762,-0.06606,
290673000000,21.31308,32.23075,48.36922,0.96608,-0.02370,0.10642,0.23408,2.19080,0.89207,-0.07067,
290984000000,21.95119,32.51539,48.33374,0.96603,-0.02387,0.10705,0.23399,2.19300,0.89588,-0.08393,
291306000000,22.54271,32.80267,48.29189,0.96601,-0.02448,0.10712,0.23398,2.18480,0.90018,-0.09494,
291626000000,23.19136,33.09039,48.26166,0.96601,-0.02411,0.10791,0.23366,2.18808,0.90528,-0.09014,
291761000000,23.43141,33.26384,48.24295,0.96603,-0.02477,0.10766,0.23361,2.18335,0.91490,-0.08751,
292022000000,23.97175,33.49309,48.21068,0.96613,-0.02391,0.10803,0.23315,2.18809,0.91442,-0.08787,
292343000000,24.60810,33.79074,48.17402,0.96634,-0.02339,0.10763,0.23249,2.18657,0.91429,-0.09590,
292591000000,25.10051,34.02771,48.13966,0.96663,-0.02223,0.10736,0.23152,2.18310,0.91464,-0.10372,
292847000000,25.72556,34.31308,48.09243,0.96646,-0.02435,0.10748,0.23197,2.18677,0.91689,-0.10617,
293216000000,26.31377,34.64279,48.04059,0.96662,-0.02321,0.10679,0.23172,2.15592,0.92677,-0.10342,
293488000000,26.87229,34.88707,48.01313,0.96656,-0.02351,0.10762,0.23157,2.15538,0.92359,-0.09865,
293764000000,27.43949,35.07923,47.98899,0.96737,-0.02301,0.10765,0.22820,2.19001,0.84887,-0.08024,
294087000000,28.12160,35.41831,47.86427,0.98862,0.03300,0.11102,0.09600,2.23256,0.65410,-0.12332,
294388000000,28.99879,35.82597,47.67614,0.99064,0.06938,0.11496,-0.02439,2.29266,0.27784,-0.16272,
294722000000,29.58242,35.77323,47.64376,0.98118,0.04081,0.11205,-0.15186,2.27921,-0.17424,-0.12492,
294963000000,30.78868,36.43968,47.37039,0.97741,0.01739,0.10034,-0.18517,2.33479,-0.11696,-0.13645,
295159000000,23.58543,32.68487,47.04702,0.97887,-0.00067,0.08682,-0.18515,0.89911,-0.84543,-0.28333,
295512000000,29.13144,34.92259,47.18870,0.97679,0.00359,0.10493,-0.18670,1.93286,-0.27436,-0.20372,
295818000000,29.36774,34.62321,47.18215,0.97682,0.01129,0.09977,-0.18906,1.85873,-0.35461,-0.19156,
296079000000,29.64614,34.37247,47.14961,0.97662,0.01444,0.10038,-0.18956,1.79235,-0.45056,-0.19812,
296310000000,29.95457,34.17556,47.12307,0.97629,0.01958,0.10067,-0.19062,1.74895,-0.53073,-0.19229,
296604000000,30.41880,33.96177,47.08491,0.97633,0.02199,0.09838,-0.19136,1.70757,-0.62016,-0.18549,
296861000000,30.83565,33.77441,47.04451,0.97620,0.02485,0.09772,-0.19200,1.67846,-0.68608,-0.18448,
297098000000,31.22927,33.59927,47.01186,0.97607,0.02613,0.09830,-0.19217,1.66162,-0.73645,-0.18520,
297408000000,31.72338,33.34561,46.96682,0.97610,0.02775,0.09799,-0.19199,1.63567,-0.80167,-0.18057,
297694000000,32.18322,33.09425,46.93730,0.97607,0.02881,0.09817,-0.19187,1.61867,-0.85429,-0.16874,
298026000000,32.72677,32.81193,46.88495,0.97615,0.02916,0.09799,-0.19150,1.60829,-0.89796,-0.16610,
298275000000,33.14371,32.60494,46.84859,0.97624,0.02898,0.09846,-0.19085,1.60528,-0.91839,-0.16091,
298541000000,33.59220,32.37957,46.81480,0.97623,0.02885,0.09859,-0.19086,1.60664,-0.93410,-0.15945,
298789000000,33.99480,32.15960,46.79270,0.97638,0.02838,0.09843,-0.19026,1.60091,-0.94704,-0.15248,
298961000000,34.27931,32.01273,46.77420,0.97637,0.02774,0.09944,-0.18988,1.60117,-0.94882,-0.14936,
299333000000,34.89502,31.68280,46.72095,0.97654,0.02767,0.09961,-0.18890,1.60985,-0.95330,-0.14375,
299451000000,35.09901,31.58280,46.70250,0.97652,0.02729,0.10073,-0.18848,1.61634,-0.95377,-0.14951,
299734000000,35.58002,31.32900,46.66847,0.97653,0.02678,0.10199,-0.18779,1.63210,-0.95363,-0.15083,
299867000000,35.79819,31.21892,46.64797,0.97663,0.02667,0.10157,-0.18754,1.63589,-0.95172,-0.15334,
300038000000,36.07880,31.06705,46.63458,0.97671,0.02705,0.10119,-0.18724,1.63768,-0.95254,-0.15798,
300283000000,36.49578,30.83538,46.60175,0.97675,0.02722,0.10194,-0.18664,1.64476,-0.95700,-0.15811,
300610000000,37.03723,30.55110,46.55154,0.97686,0.02699,0.10188,-0.18610,1.64902,-0.95392,-0.17140,
300909000000,37.54773,30.29478,46.51283,0.97689,0.02685,0.10246,-0.18568,1.65623,-0.94890,-0.17181,
301049000000,37.79005,30.17098,46.48430,0.97689,0.02650,0.10275,-0.18555,1.66134,-0.94856,-0.17512,
301405000000,38.39651,29.85569,46.41541,0.97696,0.02618,0.10296,-0.18511,1.67113,-0.94555,-0.18206,
301730000000,38.91893,29.58538,46.35937,0.97688,0.02619,0.10385,-0.18501,1.67309,-0.93594,-0.17975,
302021000000,39.49658,29.39062,46.41208,0.97704,0.02514,0.10295,-0.18483,1.68315,-0.91256,-0.16803,
302325000000,39.91707,29.16037,46.37094,0.97715,0.02379,0.10313,-0.18434,1.66325,-0.89481,-0.17067,
302585000000,40.37692,28.90484,46.31490,0.97720,0.02517,0.10248,-0.18422,1.67112,-0.89767,-0.17709,
302828000000,40.82611,28.68267,46.28030,0.97723,0.02397,0.10302,-0.18395,1.67999,-0.89843,-0.17841,
303100000000,41.29961,28.45548,46.23208,0.97726,0.02405,0.10317,-0.18367,1.68672,-0.89142,-0.17437,
303383000000,41.80149,28.20267,46.18396,0.97742,0.02411,0.10286,-0.18298,1.69428,-0.88849,-0.17145,
303606000000,42.12819,28.04291,46.15207,0.97749,0.02421,0.10266,-0.18272,1.68270,-0.88018,-0.16422,
303853000000,42.56935,27.85170,46.10261,0.97739,0.02357,0.10405,-0.18256,1.69019,-0.87564,-0.16441,
304215000000,43.16979,27.54900,46.04505,0.97770,0.02251,0.10282,-0.18172,1.68854,-0.86634,-0.16230,
304422000000,43.46952,27.41075,46.01921,0.97764,0.02159,0.10391,-0.18154,1.68205,-0.85275,-0.15815,
304725000000,44.07029,27.16404,45.94695,0.97751,0.02278,0.10436,-0.18183,1.70814,-0.84732,-0.15436,
304899000000,44.35807,27.08159,45.90830,0.97754,0.02256,0.10413,-0.18182,1.70682,-0.82672,-0.15408,
305198000000,44.80348,26.88925,45.87644,0.97762,0.02163,0.10385,-0.18168,1.68925,-0.81242,-0.14519,
305467000000,45.22862,26.69740,45.84894,0.97761,0.02316,0.10337,-0.18184,1.67768,-0.80913,-0.13712,
305700000000,45.60105,26.51678,45.82954,0.97764,0.02307,0.10327,-0.18172,1.66704,-0.81341,-0.13003,
305978000000,46.08252,26.29020,45.79599,0.97770,0.02232,0.10334,-0.18147,1.66893,-0.81643,-0.12623,
306261000000,46.56402,26.08318,45.76245,0.97765,0.02111,0.10409,-0.18145,1.67083,-0.80602,-0.13035,
306585000000,47.11493,25.82700,45.72831,0.97769,0.02262,0.10337,-0.18144,1.67383,-0.80324,-0.13329,
306807000000,47.49462,25.64966,45.70185,0.97780,0.02118,0.10352,-0.18095,1.67422,-0.80266,-0.13539,
307064000000,47.94147,25.43892,45.66843,0.97776,0.02269,0.10358,-0.18092,1.67793,-0.80772,-0.13003,
307362000000,48.46417,25.18802,45.62970,0.97767,0.02331,0.10403,-0.18110,1.68331,-0.81867,-0.13455,
307683000000,49.02819,24.91797,45.58311,0.97769,0.02307,0.10392,-0.18106,1.69261,-0.82937,-0.13389,
307963000000,49.52538,24.68262,45.54724,0.97742,0.02392,0.10594,-0.18126,1.70545,-0.83597,-0.13536,
308193000000,49.93181,24.49531,45.51773,0.97748,0.02311,0.10651,-0.18069,1.71830,-0.83841,-0.13970,
308485000000,50.44505,24.25502,45.47726,0.97744,0.02290,0.10680,-0.18076,1.72971,-0.84180,-0.14303,
308705000000,50.82445,24.07521,45.44419,0.97751,0.02350,0.10592,-0.18083,1.72945,-0.84221,-0.14462,
308961000000,51.28148,23.87835,45.40744,0.97744,0.02303,0.10672,-0.18079,1.73934,-0.83642,-0.14783,
309283000000,51.84594,23.61822,45.35801,0.97751,0.02274,0.10613,-0.18084,1.74368,-0.83326,-0.14791,
309497000000,52.21507,23.45894,45.32688,0.97758,0.02245,0.10584,-0.18064,1.74190,-0.82300,-0.14743,
309812000000,52.76183,23.21857,45.27943,0.97756,0.02105,0.10659,-0.18045,1.74194,-0.81111,-0.15001,
310078000000,53.22522,23.01284,45.24124,0.97755,0.02282,0.10596,-0.18069,1.74262,-0.80265,-0.15612,
310353000000,53.70071,22.79269,45.19952,0.97744,0.02275,0.10625,-0.18109,1.73744,-0.80538,-0.16012,
310522000000,54.00213,22.66092,45.17095,0.97735,0.02293,0.10668,-0.18135,1.74124,-0.80440,-0.16271,
310821000000,54.52947,22.43157,45.12128,0.97734,0.02281,0.10673,-0.18138,1.74271,-0.80060,-0.17310,
311123000000,55.06556,22.19597,45.07085,0.97723,0.02232,0.10795,-0.18132,1.74923,-0.79668,-0.18139,
311416000000,55.58657,21.95771,45.02325,0.97724,0.02251,0.10766,-0.18138,1.75698,-0.79993,-0.17879,
311743000000,56.17829,21.69532,44.97018,0.97709,0.02216,0.10936,-0.18126,1.77021,-0.79967,-0.17378,
312033000000,56.70350,21.46811,44.92729,0.97706,0.02267,0.10864,-0.18178,1.78163,-0.79658,-0.16609,
312293000000,57.17635,21.25996,44.88606,0.97695,0.02189,0.10955,-0.18190,1.78908,-0.79508,-0.16492,
312458000000,57.47865,21.12990,44.86043,0.97697,0.02165,0.10926,-0.18200,1.79217,-0.79485,-0.15966,
312670000000,57.87223,20.95561,44.82853,0.97686,0.02280,0.10964,-0.18223,1.80194,-0.79742,-0.15655,
312973000000,58.43609,20.70168,44.78552,0.97667,0.02324,0.11048,-0.18269,1.81495,-0.80421,-0.15446,
313274000000,58.99592,20.45363,44.74200,0.97657,0.02262,0.11123,-0.18283,1.82615,-0.80802,-0.15858,
313534000000,59.47823,20.23554,44.70553,0.97660,0.02155,0.11103,-0.18293,1.83399,-0.81026,-0.15477,
313710000000,59.81128,20.08097,44.68180,0.97644,0.02281,0.11156,-0.18330,1.84061,-0.81588,-0.15288,
313979000000,60.31392,19.85696,44.64611,0.97628,0.02328,0.11169,-0.18403,1.84700,-0.81822,-0.14980,
314143000000,60.62736,19.71353,44.62507,0.97625,0.02349,0.11136,-0.18433,1.85133,-0.82775,-0.14605,
314450000000,61.20688,19.45100,44.58597,0.97618,0.02315,0.11158,-0.18463,1.85885,-0.83268,-0.13948,
314761000000,61.79628,19.17963,44.54472,0.97619,0.02229,0.11189,-0.18448,1.86547,-0.83758,-0.13771,
315108000000,62.44403,18.88454,44.49821,0.97600,0.02371,0.11197,-0.18529,1.86408,-0.84035,-0.13699,
315400000000,62.99819,18.64669,44.45617,0.97587,0.02307,0.11227,-0.18585,1.86685,-0.83790,-0.13675,
315539000000,63.26360,18.53529,44.43452,0.97587,0.02306,0.11160,-0.18627,1.86780,-0.83433,-0.13874,
315814000000,63.77775,18.31143,44.39296,0.97592,0.02256,0.11070,-0.18661,1.86249,-0.83027,-0.14261,
316115000000,64.34087,18.06342,44.35193,0.97568,0.02402,0.11107,-0.18745,1.85556,-0.83017,-0.14476,
316384000000,64.84292,17.85011,44.30809,0.97782,0.02111,0.08725,-0.18922,1.79085,-0.81211,-0.13288,
316600000000,65.19781,17.68670,44.26314,0.97897,0.01553,0.07054,-0.19078,1.70413,-0.76903,-0.20586,
316838000000,65.55585,17.50013,44.21199,0.96904,0.02677,0.11537,-0.21666,1.57746,-0.87714,-0.13642,
317131000000,66.01778,17.22968,44.15803,0.93556,0.09601,0.05825,-0.33483,1.41810,-1.02950,-0.16746,
317449000000,66.44694,16.85649,44.07834,0.88678,0.10350,0.01150,-0.45031,0.92035,-1.28217,-0.21152,
317838000000,66.84577,16.29478,43.95734,0.80591,0.12105,0.02875,-0.57882,0.31339,-1.51895,-0.23540,
318052000000,67.43911,15.88643,43.86921,0.75734,0.09527,0.04175,-0.64469,0.31201,-1.61705,-0.20673,
318267000000,69.52091,15.17043,43.69670,0.69767,0.09725,0.02483,-0.70935,0.98976,-1.75225,-0.26734,
318517000000,69.89628,14.88859,43.57633,0.62575,0.08333,0.04035,-0.77451,0.92176,-1.64647,-0.27249,
318767000000,70.18326,14.74353,43.41379,0.56338,0.04461,0.05454,-0.82319,1.00687,-1.48297,-0.28596,
319173000000,70.51094,13.75328,43.39722,0.56345,0.05749,0.05257,-0.82247,1.02479,-1.57360,-0.30074,
319504000000,69.75514,16.00341,43.07655,0.56423,0.05164,0.04288,-0.82288,0.64832,-0.29489,-0.36952,
319839000000,67.01571,13.18037,43.47533,0.56076,0.07004,0.04417,-0.82383,-0.57098,-1.49573,-0.18944,
320149000000,66.81705,12.68691,43.44813,0.56043,0.07208,0.04250,-0.82396,-0.63715,-1.50587,-0.17660,
320462000000,66.58780,12.19230,43.42528,0.56029,0.07350,0.03974,-0.82407,-0.70572,-1.51074,-0.15948,
320787000000,66.37097,11.66708,43.39929,0.56024,0.07586,0.04053,-0.82385,-0.75386,-1.52668,-0.14767,
321112000000,66.12978,11.15030,43.37673,0.56074,0.07667,0.04028,-0.82345,-0.79723,-1.54611,-0.14062,
321437000000,65.85704,10.62936,43.35924,0.56127,0.07813,0.04188,-0.82287,-0.83801,-1.56773,-0.12872,
321765000000,65.59941,10.08566,43.34802,0.56165,0.07957,0.04374,-0.82238,-0.86044,-1.60175,-0.11800,
322050000000,65.36049,9.60395,43.34591,0.56227,0.08061,0.04567,-0.82175,-0.87441,-1.64027,-0.10970,
322321000000,65.12256,9.15565,43.32591,0.56289,0.08062,0.04561,-0.82133,-0.88794,-1.66937,-0.10638,
322651000000,64.84026,8.59446,43.30712,0.56341,0.08145,0.04791,-0.82076,-0.89425,-1.70407,-0.11472,
322950000000,64.55306,8.07185,43.31964,0.56389,0.08243,0.04873,-0.82028,-0.90274,-1.73022,-0.11353,
323260000000,64.27258,7.56458,43.28729,0.56436,0.08220,0.04853,-0.81999,-0.90976,-1.74343,-0.12222,
323502000000,64.05709,7.14379,43.26437,0.56462,0.08362,0.04895,-0.81965,-0.91388,-1.76133,-0.12129,
323711000000,63.85747,6.78416,43.24974,0.56483,0.08428,0.04806,-0.81949,-0.92381,-1.77344,-0.11891,
324024000000,63.57616,6.24249,43.22490,0.56548,0.08397,0.05043,-0.81892,-0.92991,-1.79075,-0.09883,
324504000000,63.13933,5.38709,43.19581,0.56612,0.08532,0.05112,-0.81830,-0.93490,-1.81921,-0.09992,
324840000000,62.84767,4.80742,43.16452,0.56639,0.08506,0.05107,-0.81815,-0.93513,-1.82900,-0.10749,
325128000000,62.52881,4.23654,43.14847,0.56689,0.08665,0.05245,-0.81754,-0.96084,-1.84843,-0.10573,
325445000000,62.23550,3.67073,43.12841,0.56749,0.08722,0.05203,-0.81710,-0.96409,-1.86203,-0.10428,
325770000000,61.92978,3.05260,43.08926,0.56749,0.08780,0.05195,-0.81703,-0.97147,-1.87790,-0.10196,
326035000000,61.68895,2.55355,43.07335,0.56751,0.08833,0.05287,-0.81690,-0.97391,-1.89195,-0.10093,
326393000000,61.37869,1.92011,43.04414,0.56792,0.08839,0.05352,-0.81657,-0.97123,-1.89729,-0.10287,
326671000000,61.08677,1.35507,43.00798,0.56816,0.08884,0.05301,-0.81639,-0.98431,-1.91420,-0.10015,
326981000000,60.76133,0.74979,42.97486,0.56867,0.08895,0.05486,-0.81590,-0.99992,-1.92424,-0.10196,
327173000000,60.56797,0.38277,42.95713,0.56887,0.08939,0.05497,-0.81570,-1.00310,-1.92913,-0.09833,
327423000000,60.34124,-0.05849,42.91932,0.56922,0.08798,0.05584,-0.81555,-0.99904,-1.93096,-0.09940,
327621000000,60.14600,-0.45419,42.89285,0.56922,0.08940,0.05523,-0.81544,-1.00068,-1.93711,-0.09955,
327958000000,59.82076,-1.15438,42.84981,0.56960,0.08935,0.05489,-0.81520,-1.00220,-1.95310,-0.10971,
328170000000,59.64019,-1.61154,42.82447,0.56978,0.08967,0.05659,-0.81492,-0.99562,-1.97302,-0.11111,
328470000000,59.27893,-2.32372,42.78102,0.56988,0.09015,0.05661,-0.81480,-1.01543,-2.00232,-0.10860,
328730000000,59.01602,-2.87749,42.74798,0.57038,0.09084,0.05745,-0.81432,-1.01780,-2.01857,-0.11101,
329129000000,58.61551,-3.71708,42.70735,0.57077,0.09163,0.05695,-0.81399,-1.02712,-2.03932,-0.10639,
329364000000,58.35467,-4.25199,42.67610,0.57092,0.09215,0.05566,-0.81392,-1.04048,-2.05228,-0.11013,
329587000000,58.13566,-4.71587,42.64432,0.57107,0.09214,0.05612,-0.81378,-1.04593,-2.05701,-0.11111,
330052000000,57.97469,-5.67421,42.60411,0.53912,0.09677,0.04986,-0.83516,-1.09009,-2.04452,-0.05842,
330405000000,57.84530,-6.54525,42.51932,-0.41177,-0.11289,0.02741,0.90385,-1.22242,-1.85991,-0.11498,
330685000000,57.36257,-7.31385,42.39074,-0.30922,-0.09063,0.05563,0.94502,-1.46279,-1.49785,-0.13873,
331540000000,55.88440,-7.72330,42.35566,0.01214,-0.10521,0.02073,0.99416,-1.93698,-0.41624,-0.05920,
331932000000,55.03251,-8.07237,42.26951,0.00592,-0.05035,-0.01880,0.99854,-1.81204,-0.49517,-0.15057,
332202000000,54.47869,-8.32532,42.16159,0.00670,-0.10218,-0.00899,0.99470,-1.77083,-0.59002,-0.15277,
332625000000,53.58892,-9.06007,42.04870,0.00289,-0.09130,-0.02117,0.99559,-1.89289,-0.78985,-0.11862,
332971000000,53.83020,-6.88729,42.32874,0.00803,-0.09369,0.02881,0.99515,-1.76249,-0.24778,-0.05460,
333275000000,53.38135,-6.68864,42.11805,0.00595,-0.08988,0.01312,0.99585,-1.75184,-0.02315,-0.11690,
333711000000,52.85086,-6.21143,42.08738,0.00631,-0.09329,0.01811,0.99545,-1.70783,0.20430,-0.09430,
334149000000,52.14810,-6.05082,42.05810,0.00607,-0.09417,0.01803,0.99537,-1.72026,0.29233,-0.08836,
334616000000,51.38416,-5.88293,42.07875,0.00552,-0.09574,0.01716,0.99524,-1.73780,0.34267,-0.07903,
334972000000,50.79617,-5.77955,42.07045,0.00516,-0.09645,0.01628,0.99519,-1.74771,0.35612,-0.06850,
335420000000,49.95145,-5.49515,42.03016,0.00461,-0.09890,0.01416,0.99499,-1.80854,0.39773,-0.06651,
335719000000,49.39613,-5.44883,42.01081,0.00445,-0.09945,0.01368,0.99494,-1.83281,0.38082,-0.06559,
336071000000,48.73619,-5.41194,41.97210,0.00413,-0.10055,0.01135,0.99486,-1.85913,0.35174,-0.07292,
336447000000,48.01552,-5.31685,41.92572,0.00380,-0.10061,0.01145,0.99485,-1.88959,0.34483,-0.08165,
336811000000,47.36209,-5.23422,41.89685,0.00365,-0.10217,0.01009,0.99471,-1.90085,0.32793,-0.08539,
337175000000,46.69555,-5.17068,41.86020,0.00333,-0.10270,0.01005,0.99466,-1.91204,0.31152,-0.09256,
337607000000,45.90268,-5.08306,41.82296,0.00308,-0.10364,0.00991,0.99456,-1.92701,0.29974,-0.08898,
337974000000,45.25843,-5.02372,41.77678,0.00355,-0.10334,0.01016,0.99459,-1.92728,0.28972,-0.09940,
338349000000,44.55713,-4.94629,41.74383,0.00364,-0.10431,0.01006,0.99449,-1.94082,0.28387,-0.09513,
338730000000,43.84626,-4.85718,41.70671,0.00378,-0.10527,0.00953,0.99439,-1.95026,0.28234,-0.09776,
338995000000,43.37889,-4.80162,41.67123,0.00356,-0.10555,0.00954,0.99436,-1.95140,0.28131,-0.11153,
339334000000,42.81685,-4.74255,41.61091,0.00374,-0.10459,0.00827,0.99447,-1.93721,0.27230,-0.12545,
339737000000,42.10293,-4.66555,41.55333,0.00389,-0.10558,0.00812,0.99437,-1.93417,0.26515,-0.12757,
340101000000,41.53779,-4.61192,41.48766,0.00363,-0.10456,0.00701,0.99449,-1.91176,0.25071,-0.14304,
340465000000,40.84920,-4.52108,41.41899,0.00365,-0.10487,0.00654,0.99446,-1.91868,0.24519,-0.13479,
340789000000,40.25880,-4.47449,41.37697,0.00378,-0.10594,0.00673,0.99434,-1.91870,0.23511,-0.12131,
341202000000,39.55088,-4.41095,41.31880,0.00402,-0.10516,0.00698,0.99442,-1.91175,0.23051,-0.11503,
341444000000,39.15390,-4.38134,41.28830,0.00445,-0.10606,0.00753,0.99432,-1.90431,0.22542,-0.11593,
341789000000,38.51420,-4.31972,41.23895,0.00446,-0.10645,0.00656,0.99429,-1.91325,0.22142,-0.12029,
342155000000,37.92859,-4.28532,41.19558,0.00467,-0.10643,0.00598,0.99429,-1.90281,0.20853,-0.12584,
342516000000,37.24278,-4.23189,41.14341,0.00510,-0.10701,0.00671,0.99422,-1.91012,0.20646,-0.12930,
342745000000,36.81159,-4.20625,41.10379,0.00541,-0.10726,0.00611,0.99420,-1.91245,0.20046,-0.13047,
343066000000,36.19397,-4.15330,41.05369,0.00555,-0.10757,0.00535,0.99417,-1.91944,0.19380,-0.14025,
343388000000,35.81752,-4.10336,41.03464,0.00568,-0.10791,0.00561,0.99413,-1.89547,0.18620,-0.14095,
343729000000,35.18191,-4.03180,40.98522,0.00586,-0.10753,0.00546,0.99417,-1.90168,0.18690,-0.14250,
344093000000,34.47103,-3.96111,40.92418,0.00586,-0.10755,0.00501,0.99417,-1.90716,0.18690,-0.14532,
344405000000,33.85420,-3.91037,40.86182,0.00601,-0.10750,0.00507,0.99417,-1.91192,0.18573,-0.15308,
344846000000,32.68913,-3.90852,40.66952,0.00582,-0.10789,0.00525,0.99413,-1.95334,0.18338,-0.16518,
345170000000,32.09894,-3.90148,40.61710,0.00580,-0.10839,0.00529,0.99408,-1.95974,0.17566,-0.15714,
345537000000,31.32747,-3.84857,40.55439,0.00589,-0.10778,0.00554,0.99414,-1.97071,0.17714,-0.15841,
345785000000,30.90750,-3.82063,40.51061,0.00612,-0.10798,0.00579,0.99412,-1.96125,0.17775,-0.16171,
346151000000,30.19857,-3.73500,40.39739,0.00638,-0.10849,0.00598,0.99406,-1.95830,0.18336,-0.16833,
346531000000,29.47750,-3.69396,40.34344,0.00670,-0.10869,0.00478,0.99404,-1.96245,0.17447,-0.16609,
346766000000,29.00309,-3.65421,40.29441,0.00674,-0.10829,0.00513,0.99408,-1.96330,0.17295,-0.16317,
346984000000,28.56839,-3.61159,40.25206,0.00666,-0.10862,0.00437,0.99405,-1.96592,0.17385,-0.16402,
347279000000,28.00554,-3.55871,40.20573,0.00647,-0.10878,0.00429,0.99404,-1.96602,0.17352,-0.14865,
347533000000,27.51849,-3.50885,40.16022,0.00660,-0.10816,0.00408,0.99410,-1.96329,0.17478,-0.15221,
347789000000,26.80582,-3.41992,40.00712,0.00608,-0.10761,0.00343,0.99417,-1.97099,0.17122,-0.16510,
348162000000,26.03787,-3.36181,39.93829,0.00631,-0.10745,0.00305,0.99419,-1.97128,0.16630,-0.16645,
348465000000,25.42307,-3.32129,39.88379,0.00640,-0.10728,0.00366,0.99420,-1.97189,0.16233,-0.16992,
348764000000,24.81972,-3.27701,39.83153,0.00629,-0.10646,0.00447,0.99429,-1.96953,0.16537,-0.16844,
349059000000,24.12219,-3.21709,39.72596,0.00603,-0.10723,0.00276,0.99421,-1.97553,0.16055,-0.16280,
349355000000,23.54715,-3.18128,39.68087,0.00649,-0.10631,0.00372,0.99431,-1.97057,0.15664,-0.15864,
349650000000,22.94801,-3.14146,39.63587,0.00644,-0.10668,0.00304,0.99427,-1.97136,0.15627,-0.15837,
349868000000,22.52465,-3.11126,39.60073,0.00682,-0.10675,0.00329,0.99426,-1.96853,0.15536,-0.15897,
350190000000,21.74753,-3.06465,39.51791,0.00664,-0.10723,0.00238,0.99421,-1.98228,0.14423,-0.16350,
350534000000,21.07533,-3.00917,39.46085,0.00611,-0.10647,0.00228,0.99429,-1.97980,0.14301,-0.15516,
350854000000,20.44462,-2.95792,39.41726,0.00616,-0.10746,0.00286,0.99419,-1.98164,0.14457,-0.14834,
351208000000,19.75064,-2.91081,39.36180,0.00593,-0.10615,0.00284,0.99433,-1.97865,0.14331,-0.14811,
351509000000,19.15806,-2.86605,39.31485,0.00582,-0.10740,0.00334,0.99419,-1.97464,0.14545,-0.15237,
351726000000,18.69484,-2.83835,39.26788,0.00571,-0.10728,0.00310,0.99421,-1.97986,0.14194,-0.14682,
352070000000,18.01136,-2.79310,39.21729,0.00570,-0.10737,0.00276,0.99420,-1.97891,0.14231,-0.14160,
352398000000,17.35785,-2.74552,39.17249,0.00580,-0.10763,0.00365,0.99417,-1.98078,0.14473,-0.14135,
352739000000,16.68048,-2.69147,39.11992,0.00592,-0.10792,0.00340,0.99414,-1.98173,0.14854,-0.14707,
353101000000,15.94844,-2.63078,39.07082,0.00605,-0.10805,0.00522,0.99411,-1.98317,0.15437,-0.14511,
353424000000,15.22012,-2.50446,38.98682,0.00531,-0.10909,0.00535,0.99400,-1.97789,0.17434,-0.15164,
353710000000,14.72431,-2.51213,38.98210,0.00524,-0.10904,0.00499,0.99401,-1.98391,0.17010,-0.15071,
354026000000,14.06522,-2.46074,38.93777,0.00549,-0.10927,0.00508,0.99398,-1.98822,0.17207,-0.15755,
354278000000,13.57069,-2.43277,38.91572,0.00535,-0.10983,0.00536,0.99392,-1.99452,0.17001,-0.15873,
354559000000,13.00169,-2.38596,38.88473,0.00505,-0.11012,0.00512,0.99389,-2.00037,0.17094,-0.16352,
354929000000,12.21916,-2.28640,38.78734,0.00461,-0.11016,0.00419,0.99389,-1.99078,0.17419,-0.16835,
355191000000,11.65943,-2.24499,38.75737,0.00461,-0.11031,0.00447,0.99388,-1.99974,0.17042,-0.16243,
355393000000,11.25546,-2.20712,38.73104,0.00431,-0.11012,0.00509,0.99390,-2.00154,0.17143,-0.16303,
355778000000,10.47513,-2.13746,38.68391,0.00445,-0.11109,0.00562,0.99378,-2.00163,0.17502,-0.16913,
356123000000,9.79069,-2.09340,38.65178,0.00470,-0.11193,0.00563,0.99369,-2.00422,0.17598,-0.16664,
356334000000,9.32830,-2.03356,38.58799,0.00444,-0.11127,0.00465,0.99377,-1.99813,0.18297,-0.16840,
356689000000,8.59584,-1.98372,38.54649,0.00436,-0.11144,0.00529,0.99375,-2.00699,0.17647,-0.16899,
357048000000,7.84642,-1.92950,38.49894,0.00405,-0.11154,0.00487,0.99374,-2.01013,0.17254,-0.16856,
357284000000,7.37950,-1.90371,38.47516,0.00381,-0.11166,0.00517,0.99373,-2.01599,0.17289,-0.16240,
357606000000,6.65698,-1.83224,38.41327,0.00355,-0.11190,0.00400,0.99370,-2.01694,0.17636,-0.17430,
357948000000,5.95897,-1.78809,38.37048,0.00346,-0.11217,0.00513,0.99367,-2.01653,0.17035,-0.17427,
358243000000,5.34940,-1.74403,38.33828,0.00317,-0.11286,0.00495,0.99359,-2.02291,0.17065,-0.17478,
358519000000,4.77402,-1.69989,38.30376,0.00291,-0.11276,0.00475,0.99361,-2.02862,0.16961,-0.17286,
358822000000,4.14303,-1.66024,38.25871,0.00297,-0.11270,0.00404,0.99362,-2.03153,0.16360,-0.17118,
359196000000,3.42155,-1.53346,38.15149,0.00312,-0.08258,0.00552,0.99656,-1.95399,0.18551,-0.17577,
359468000000,3.21251,-1.45368,38.01725,0.00296,-0.06635,0.00562,0.99778,-1.77337,0.19714,-0.24799,
359824000000,3.01745,-1.34063,37.90357,0.00246,-0.06502,0.00307,0.99788,-1.57917,0.21464,-0.24487,
360148000000,2.68679,-1.26659,37.82102,-0.10891,-0.05038,-0.00625,0.99275,-1.40267,0.10939,-0.46588,
360778000000,1.94292,-1.21014,37.18918,-0.35039,-0.03729,0.00924,0.93582,-1.02398,0.05820,-1.33607,
361134000000,1.63749,-1.19413,36.75601,-0.47933,-0.02903,0.01293,0.87706,-0.87167,0.06942,-1.13367,
361414000000,-0.61130,-1.06603,36.44323,0.57433,0.02008,-0.01917,-0.81815,-1.13933,0.11093,-1.16062,
361707000000,-2.23986,-1.02101,36.09476,0.66586,0.01410,-0.01742,-0.74574,-1.33709,0.14089,-1.18478,
361957000000,-0.16772,-1.09061,35.73178,0.73682,0.00564,-0.01576,-0.67588,-0.68840,0.14892,-1.21911,
362152000000,-1.99914,-1.12056,35.53307,0.78683,0.00618,-0.01850,-0.61686,-1.20009,0.13380,-1.21147,
362440000000,-1.01793,-1.01405,35.12829,0.85204,-0.00171,-0.01211,-0.52333,-0.67271,0.20824,-1.24326,
362892000000,-3.25578,-1.03889,34.67461,0.93152,-0.00235,-0.01265,-0.36345,-1.28827,0.18247,-1.20411,
363058000000,-1.96499,-1.02822,34.37608,0.95331,-0.00668,-0.00692,-0.30183,-0.72846,0.20065,-1.24675,
363378000000,-1.56139,-0.76124,33.96482,0.98375,-0.00860,-0.00506,-0.17927,-0.47166,0.32199,-1.25211,
363697000000,-1.98395,-0.79237,33.56384,0.99845,-0.00851,-0.00152,-0.05489,-0.56702,0.27741,-1.24969,
364005000000,-1.87402,-0.56604,33.18482,0.99997,-0.00801,0.00061,0.00228,-0.43451,0.29451,-1.22100,
364333000000,-2.18528,-0.58723,32.76589,0.99999,-0.00461,0.00054,0.00176,-0.48535,0.23726,-1.26407,
364528000000,-2.39067,0.02957,32.53373,0.99997,-0.00721,0.00201,0.00072,-0.52211,0.51839,-1.25225,
364824000000,-2.17946,-0.38284,32.16036,0.99999,-0.00237,0.00341,-0.00011,-0.36686,0.25782,-1.23478,
365172000000,-2.18042,-0.31079,31.72870,0.99998,-0.00222,0.00518,-0.00181,-0.30357,0.25035,-1.23427,
365542000000,-2.12798,-0.24410,31.26937,0.99998,-0.00101,0.00542,-0.00328,-0.23271,0.24029,-1.23017,
365771000000,-1.99705,-0.23359,30.98536,0.99997,-0.00085,0.00659,-0.00422,-0.15108,0.22327,-1.22686,
366079000000,-1.95835,-0.20142,30.60880,0.99996,-0.00025,0.00644,-0.00537,-0.11350,0.21057,-1.21585,
366312000000,-1.91140,-0.19130,30.32467,0.99996,0.00002,0.00657,-0.00618,-0.08473,0.19724,-1.21468,
366605000000,-1.73614,-0.19240,29.96688,0.99996,-0.00012,0.00603,-0.00708,-0.01686,0.18014,-1.21267,
366953000000,-1.59409,-0.13767,29.54509,0.99994,0.00069,0.00746,-0.00838,0.03695,0.18167,-1.20184,
367288000000,-1.49803,-0.11896,29.13987,0.99994,0.00013,0.00575,-0.00912,0.06497,0.17351,-1.20788,
367738000000,-1.39602,-0.12439,28.59342,0.99994,0.00033,0.00485,-0.00955,0.08222,0.15549,-1.21386,
368031000000,-1.36516,-0.16836,28.23648,0.99994,0.00105,0.00528,-0.00979,0.08188,0.13024,-1.21792,
368306000000,-1.24366,-0.18790,27.89969,0.99994,0.00205,0.00397,-0.01048,0.10758,0.11252,-1.21309,
368605000000,-1.12984,-0.18923,27.53573,0.99993,0.00234,0.00315,-0.01119,0.12330,0.10167,-1.20570,
368980000000,-1.13445,-0.21824,27.08151,0.99992,0.00333,0.00253,-0.01158,0.10652,0.08235,-1.21279,
369225000000,-1.15329,-0.22858,26.78213,0.99992,0.00257,0.00276,-0.01187,0.09569,0.07122,-1.21742,
369553000000,-1.11081,-0.22619,26.38014,0.99992,0.00287,0.00141,-0.01210,0.09549,0.06423,-1.22071,
369827000000,-1.03112,-0.24782,26.04223,0.99992,0.00302,0.00155,-0.01247,0.10596,0.05022,-1.22213,
370208000000,-1.03675,-0.25536,25.57631,0.99991,0.00352,0.00175,-0.01291,0.09689,0.04146,-1.22352,
370504000000,-1.05407,-0.25861,25.21485,0.99991,0.00253,0.00160,-0.01313,0.08411,0.03960,-1.21797,
370768000000,-1.03192,-0.28422,24.89201,0.99991,0.00327,0.00081,-0.01310,0.08407,0.02890,-1.20737,
371054000000,-1.00709,-0.30131,24.54383,0.99990,0.00361,0.00056,-0.01356,0.08353,0.02300,-1.21125,
371270000000,-1.01492,-0.31527,24.28202,0.99990,0.00399,0.00099,-0.01362,0.07836,0.01557,-1.21029,
371649000000,-1.02426,-0.31103,23.82275,0.99989,0.00426,0.00185,-0.01413,0.07468,0.00970,-1.21168,
371978000000,-1.03978,-0.30894,23.42132,0.99989,0.00345,0.00025,-0.01429,0.06751,0.00798,-1.21049,
372189000000,-1.02699,-0.34533,23.16522,0.99989,0.00345,0.00086,-0.01417,0.06556,-0.00493,-1.20652,
372431000000,-1.03459,-0.35175,22.87396,0.99989,0.00299,0.00113,-0.01422,0.06384,-0.00277,-1.20943,
372790000000,-1.03901,-0.34625,22.43865,0.99989,0.00249,0.00111,-0.01450,0.05963,0.00296,-1.21585,
373008000000,-1.04610,-0.35042,22.17240,0.99989,0.00230,0.00079,-0.01438,0.05856,0.00491,-1.21939,
373295000000,-1.04206,-0.33132,21.80616,0.99989,0.00245,-0.00083,-0.01460,0.05663,-0.00355,-1.22666,
373554000000,-1.03467,-0.35044,21.48473,0.99989,0.00201,-0.00060,-0.01446,0.05174,-0.00524,-1.22782,
373833000000,-1.04855,-0.35596,21.14003,0.99989,0.00138,-0.00071,-0.01473,0.04341,-0.00201,-1.22594,
374111000000,-1.05642,-0.36605,20.80288,0.99989,0.00139,0.00029,-0.01468,0.03976,-0.00059,-1.21859,
374318000000,-1.06018,-0.36704,20.54858,0.99989,0.00068,-0.00050,-0.01455,0.04061,0.00111,-1.21544,
374580000000,-1.07040,-0.36363,20.22699,0.99989,0.00128,-0.00022,-0.01483,0.03697,0.00508,-1.21688,
374905000000,-1.07843,-0.37028,19.82766,0.99989,0.00103,-0.00093,-0.01459,0.03331,0.00368,-1.21341,
375159000000,-1.07931,-0.38761,19.51930,0.99989,0.00130,-0.00034,-0.01453,0.03195,0.00072,-1.21723,
375448000000,-1.07048,-0.43139,19.16748,0.99990,0.00084,-0.00042,-0.01438,0.02642,-0.01524,-1.21607,
375742000000,-1.08744,-0.42995,18.81192,0.99990,0.00079,-0.00019,-0.01428,0.02687,-0.01202,-1.21592,
376066000000,-1.11554,-0.42458,18.42349,0.99990,0.00157,-0.00015,-0.01430,0.01903,-0.01266,-1.21166,
376361000000,-1.13863,-0.43025,18.06452,0.99990,0.00106,-0.00060,-0.01401,0.01422,-0.01572,-1.20610,
376660000000,-1.12419,-0.45152,17.70482,0.99990,0.00227,-0.00061,-0.01388,0.01989,-0.02284,-1.19772,
377015000000,-1.11344,-0.45252,17.26429,0.99990,0.00203,-0.00249,-0.01384,0.01725,-0.02854,-1.20669,
377333000000,-1.10842,-0.47608,16.87882,0.99990,0.00111,-0.00200,-0.01388,0.00736,-0.03955,-1.20617,
377627000000,-1.14367,-0.45150,16.52495,0.99990,0.00113,-0.00187,-0.01397,-0.00400,-0.02946,-1.19605,
377961000000,-1.16628,-0.44067,16.11893,0.99990,0.00057,-0.00220,-0.01393,-0.00754,-0.02317,-1.19727,
378315000000,-1.20720,-0.43246,15.68848,0.99990,-0.00037,-0.00145,-0.01435,-0.01818,-0.01800,-1.19456,
378669000000,-1.23795,-0.37255,15.26206,0.99989,-0.00033,-0.00240,-0.01488,-0.02331,-0.00022,-1.18838,
378912000000,-1.23626,-0.33812,14.96221,0.99989,-0.00114,-0.00204,-0.01475,-0.01997,0.01165,-1.17826,
379210000000,-1.23704,-0.39020,14.62742,0.99989,-0.00129,-0.00224,-0.01448,-0.02588,0.01831,-1.17224,
379567000000,-1.26127,-0.38917,14.19633,0.99989,-0.00245,-0.00255,-0.01459,-0.03159,0.02112,-1.17559,
379936000000,-1.27950,-0.37042,13.75592,0.99988,-0.00140,-0.00277,-0.01484,-0.03396,0.02748,-1.17207,
380239000000,-1.29252,-0.35660,13.39666,0.99988,-0.00148,-0.00273,-0.01504,-0.03559,0.03085,-1.17390,
380495000000,-1.31469,-0.46601,13.09801,0.99990,-0.00140,-0.00271,-0.01411,-0.04552,0.01919,-1.17537,
380856000000,-1.33847,-0.43820,12.67716,0.99989,-0.00067,-0.00239,-0.01437,-0.04667,0.02394,-1.17881,
381223000000,-1.37701,-0.42272,12.24720,0.99989,-0.00033,-0.00154,-0.01445,-0.05052,0.02040,-1.18077,
381599000000,-1.41915,-0.41191,11.81869,0.99990,0.00037,-0.00040,-0.01430,-0.04679,0.01496,-1.16723,
381846000000,-1.44045,-0.37617,11.55006,0.99989,0.00050,0.00022,-0.01478,-0.04415,0.01905,-1.14903,
382138000000,-1.49780,-0.45437,11.21673,0.99990,-0.00012,0.00041,-0.01435,-0.05581,0.01303,-1.13791,
382409000000,-1.48982,-0.45186,10.91485,0.99990,-0.00062,0.00013,-0.01416,-0.04495,0.00976,-1.12926,
382795000000,-1.49080,-0.43728,10.47439,0.99990,-0.00152,0.00020,-0.01380,-0.03542,0.01542,-1.13469,
383122000000,-1.48360,-0.45189,10.11073,0.99990,0.00107,-0.00016,-0.01390,-0.03060,0.00874,-1.13462,
383418000000,-1.49099,-0.42880,9.76047,0.99989,-0.00098,-0.00035,-0.01459,-0.03501,0.01275,-1.13431,
383697000000,-1.53979,-0.44175,9.49898,0.99989,-0.00076,-0.00005,-0.01469,-0.03569,0.01644,-1.12843,
384056000000,-1.55683,-0.41087,9.09494,0.99989,-0.00203,0.00062,-0.01492,-0.03641,0.02784,-1.12036,
384446000000,-1.55272,-0.39856,8.66405,0.99989,0.00016,0.00011,-0.01509,-0.03324,0.02997,-1.12051,
384729000000,-1.55143,-0.37387,8.33461,0.99989,-0.00174,-0.00032,-0.01504,-0.03325,0.03651,-1.11437,
384980000000,-1.55788,-0.35562,8.04287,0.99988,-0.00053,-0.00087,-0.01516,-0.03543,0.03771,-1.10700,
385195000000,-1.54238,-0.36327,7.83174,0.99988,0.00020,-0.00157,-0.01518,-0.02960,0.03041,-1.09924,
385434000000,-1.51613,-0.37011,7.59090,0.99989,0.00124,-0.00135,-0.01494,-0.02496,0.02345,-1.09701,
385728000000,-1.50742,-0.35280,7.28667,0.99988,0.00191,-0.00145,-0.01513,-0.02301,0.01666,-1.09803,
385958000000,-1.51811,-0.33136,7.01954,0.99988,0.00196,-0.00166,-0.01530,-0.02663,0.01570,-1.10493,
386224000000,-1.52287,-0.32279,6.71518,0.99988,0.00237,-0.00178,-0.01533,-0.02695,0.01024,-1.11498,
386538000000,-1.52273,-0.33256,6.36269,0.99988,0.00257,-0.00229,-0.01523,-0.03023,0.00166,-1.09711,
386831000000,-1.51679,-0.35463,6.03590,0.99988,0.00270,-0.00240,-0.01507,-0.02801,-0.00515,-1.09445,
387046000000,-1.49677,-0.37447,5.83995,0.99988,0.00416,-0.00364,-0.01471,-0.01841,-0.01513,-1.08629,
387356000000,-1.49731,-0.38760,5.50268,0.99989,0.00347,-0.00202,-0.01438,-0.01601,-0.02305,-1.08281,
387668000000,-1.50210,-0.39218,5.16279,0.99988,0.00400,-0.00271,-0.01450,-0.01525,-0.02752,-1.07319,
388017000000,-1.50825,-0.40410,4.76769,0.99989,0.00340,-0.00233,-0.01450,-0.01392,-0.02914,-1.08248,
388258000000,-1.51729,-0.42920,4.49198,0.99989,0.00311,-0.00270,-0.01418,-0.01594,-0.03352,-1.08541,
388522000000,-1.51472,-0.46473,4.16892,0.99989,0.00328,-0.00289,-0.01417,-0.01357,-0.03667,-1.09312,
388808000000,-1.54135,-0.46568,3.85232,0.99988,0.00470,-0.00338,-0.01405,-0.01737,-0.03734,-1.08759,
389020000000,-1.56348,-0.48657,3.59608,0.99989,0.00426,-0.00379,-0.01393,-0.02632,-0.04360,-1.08885,
389307000000,-1.58517,-0.51337,3.26552,0.99989,0.00514,-0.00364,-0.01345,-0.03180,-0.05181,-1.09796,
389617000000,-1.60404,-0.52555,2.89564,0.99990,0.00291,-0.00371,-0.01320,-0.03352,-0.04973,-1.11069,
389905000000,-1.61572,-0.51726,2.55897,0.99989,0.00449,-0.00384,-0.01330,-0.03538,-0.04470,-1.12004,
390212000000,-1.62368,-0.51752,2.16582,0.99990,0.00264,-0.00246,-0.01334,-0.03730,-0.03913,-1.12945,
390520000000,-1.66702,-0.55007,1.81575,0.99991,0.00268,-0.00189,-0.01300,-0.03632,-0.03884,-1.12892,
390850000000,-1.69811,-0.56118,1.42994,0.99991,0.00264,-0.00176,-0.01302,-0.03553,-0.03483,-1.13433,
391120000000,-1.71428,-0.55938,1.11204,0.99991,0.00158,-0.00126,-0.01325,-0.02929,-0.02672,-1.13710,
391403000000,-1.74795,-0.57283,0.75142,0.99991,0.00198,-0.00089,-0.01338,-0.03590,-0.01881,-1.14013,
391730000000,-1.77938,-0.58323,0.36924,0.99990,0.00261,-0.00136,-0.01349,-0.03501,-0.01829,-1.14854,
392009000000,-1.79910,-0.57290,0.03365,0.99990,0.00225,-0.00121,-0.01382,-0.03651,-0.01331,-1.15183,
392298000000,-1.80878,-0.57747,-0.31027,0.99990,0.00257,-0.00155,-0.01366,-0.03415,-0.01152,-1.15901,
392490000000,-1.82039,-0.57274,-0.56119,0.99990,0.00227,-0.00256,-0.01394,-0.04020,-0.01100,-1.16167,
392830000000,-1.82983,-0.58499,-0.95587,0.99990,0.00183,-0.00139,-0.01409,-0.04491,-0.01068,-1.15574,
393199000000,-1.86595,-0.59230,-1.39609,0.99990,0.00112,-0.00054,-0.01392,-0.04612,-0.00764,-1.16318,
393566000000,-1.89512,-0.61211,-1.82718,0.99990,0.00200,-0.00021,-0.01379,-0.04476,-0.00854,-1.15898,
393784000000,-1.90415,-0.63767,-2.10834,0.99990,0.00213,-0.00103,-0.01358,-0.05206,-0.01769,-1.16296,
394135000000,-1.92734,-0.62739,-2.51538,0.99990,0.00161,-0.00030,-0.01387,-0.05104,-0.01297,-1.15836,
394430000000,-1.93949,-0.63406,-2.86062,0.99990,0.00116,-0.00046,-0.01388,-0.04867,-0.01171,-1.16778,
394738000000,-1.94908,-0.66795,-3.20695,0.99990,0.00068,0.00000,-0.01380,-0.04933,-0.01888,-1.15948,
395052000000,-1.96825,-0.65155,-3.56515,0.99990,0.00069,0.00007,-0.01419,-0.04641,-0.01310,-1.16348,
395309000000,-1.97338,-0.65820,-3.86808,0.99990,0.00088,-0.00053,-0.01404,-0.04476,-0.01209,-1.16562,
395614000000,-1.98063,-0.69747,-4.20524,0.99991,0.00086,-0.00050,-0.01373,-0.04473,-0.01828,-1.15806,
395956000000,-1.99255,-0.69371,-4.60552,0.99991,0.00055,-0.00096,-0.01366,-0.04646,-0.01225,-1.15955,
396270000000,-1.99669,-0.68154,-4.97309,0.99990,-0.00121,-0.00103,-0.01375,-0.04365,-0.00121,-1.15581,
396504000000,-1.98278,-0.67894,-5.23549,0.99990,0.00069,-0.00187,-0.01395,-0.03792,0.00374,-1.15355,
396849000000,-1.96739,-0.71109,-5.59323,0.99991,-0.00031,-0.00195,-0.01324,-0.02678,0.00184,-1.14987,
397126000000,-1.98191,-0.68004,-5.90916,0.99991,-0.00062,-0.00187,-0.01339,-0.02886,0.00755,-1.14260,
397421000000,-1.98912,-0.67162,-6.25451,0.99991,-0.00169,-0.00270,-0.01336,-0.02998,0.01495,-1.14304,
397665000000,-2.00076,-0.66015,-6.54764,0.99990,-0.00257,-0.00308,-0.01344,-0.03320,0.02367,-1.14140,
397968000000,-2.00950,-0.68345,-6.87964,0.99990,-0.00204,-0.00271,-0.01339,-0.02808,0.02466,-1.14013,
398199000000,-2.02915,-0.65928,-7.15413,0.99990,-0.00274,-0.00298,-0.01359,-0.03370,0.03415,-1.14789,
398518000000,-2.04449,-0.64600,-7.52969,0.99990,-0.00165,-0.00282,-0.01361,-0.03250,0.03930,-1.15065,
398853000000,-2.06776,-0.63016,-7.92858,0.99991,-0.00247,-0.00229,-0.01317,-0.03292,0.04454,-1.15649,
399186000000,-2.09614,-0.63449,-8.33026,0.99992,-0.00181,-0.00149,-0.01274,-0.03459,0.04744,-1.15547,
399512000000,-2.12847,-0.61800,-8.72341,0.99991,-0.00256,-0.00231,-0.01280,-0.03666,0.04952,-1.15259,
399659000000,-2.12881,-0.61016,-8.89530,0.99991,-0.00301,-0.00250,-0.01294,-0.04096,0.05251,-1.15390,
399898000000,-2.14490,-0.59754,-9.17961,0.99991,-0.00266,-0.00227,-0.01289,-0.04113,0.05317,-1.15535,
400189000000,-2.16870,-0.57732,-9.52496,0.99991,-0.00346,-0.00176,-0.01319,-0.04185,0.06090,-1.15386,
400522000000,-2.19877,-0.55348,-9.91395,0.99991,-0.00154,-0.00101,-0.01299,-0.04172,0.06303,-1.14978,
400793000000,-2.22089,-0.53973,-10.22290,0.99991,-0.00278,-0.00075,-0.01341,-0.04589,0.06680,-1.13651,
401091000000,-2.24004,-0.51797,-10.56701,0.99990,-0.00241,-0.00082,-0.01360,-0.04447,0.06727,-1.13191,
401333000000,-2.25683,-0.49470,-10.84129,0.99990,-0.00265,-0.00148,-0.01373,-0.05174,0.07231,-1.11860,
401662000000,-2.26780,-0.49792,-11.18817,0.99991,-0.00048,-0.00025,-0.01357,-0.04241,0.05672,-1.08136,
401902000000,-2.26336,-0.48697,-11.41509,0.99990,-0.00114,-0.00145,-0.01380,-0.03792,0.04874,-1.04999,
402253000000,-2.26784,-0.47242,-11.77171,0.99990,-0.00006,-0.00026,-0.01381,-0.02984,0.04182,-1.02673,
402590000000,-2.26766,-0.45337,-12.08793,0.99990,-0.00140,-0.00051,-0.01380,-0.02654,0.03843,-1.00349,
402904000000,-2.25819,-0.44908,-12.37625,0.99991,-0.00147,0.00013,-0.01369,-0.01560,0.03618,-0.98114,
403264000000,-2.25806,-0.43114,-12.68212,0.99990,0.00067,0.00037,-0.01393,-0.00639,0.03102,-0.95384,
403536000000,-2.25422,-0.41804,-12.93350,0.99990,0.00101,0.00032,-0.01408,0.00114,0.02630,-0.94545,
403897000000,-2.25976,-0.40392,-13.22886,0.99989,0.00139,0.00102,-0.01454,0.00483,0.01691,-0.92737,
404198000000,-2.26017,-0.40146,-13.50139,0.99990,0.00108,0.00065,-0.01438,0.00698,0.01060,-0.90291,
404498000000,-2.26399,-0.39729,-13.72274,0.99989,0.00075,0.00136,-0.01453,0.01272,0.00656,-0.88010,
404814000000,-2.26135,-0.39376,-13.96080,0.99989,0.00233,0.00058,-0.01485,0.01372,0.00050,-0.85110,
405041000000,-2.25981,-0.39149,-14.13345,0.99989,0.00196,-0.00043,-0.01493,0.01030,-0.00547,-0.82768,
405377000000,-2.25217,-0.38999,-14.37215,0.99988,0.00228,0.00091,-0.01514,0.01057,-0.00911,-0.80271,
405727000000,-2.24741,-0.39384,-14.66028,0.99987,0.00318,-0.00120,-0.01546,0.00969,-0.01466,-0.78952,
406074000000,-2.24306,-0.39832,-14.89095,0.99987,0.00385,0.00056,-0.01566,0.00884,-0.02327,-0.76502,
406276000000,-2.23863,-0.40033,-15.01778,0.99987,0.00327,0.00058,-0.01588,0.01134,-0.02754,-0.74567,
406636000000,-2.23723,-0.40442,-15.26708,0.99987,0.00322,-0.00036,-0.01607,0.01047,-0.02843,-0.72362,
406942000000,-2.23338,-0.41520,-15.48938,0.99986,0.00296,-0.00098,-0.01627,0.00726,-0.03263,-0.72027,
407218000000,-2.23325,-0.42187,-15.66728,0.99986,0.00302,-0.00060,-0.01634,0.00626,-0.02970,-0.71916,
407535000000,-2.22849,-0.42185,-15.89081,0.99987,-0.00061,0.00113,-0.01615,0.01483,-0.01648,-0.71209,
407770000000,-2.22562,-0.42870,-16.03838,0.99983,0.00635,-0.00513,-0.01650,0.01342,-0.00943,-0.74199,
408091000000,-2.22634,-0.42728,-16.25424,0.99986,-0.00002,-0.00102,-0.01647,-0.00362,-0.01473,-0.74048,
408455000000,-2.23260,-0.42794,-16.52296,0.99986,0.00031,-0.00246,-0.01658,-0.01208,-0.00751,-0.73969,
408744000000,-2.23523,-0.42573,-16.70773,0.99986,0.00093,-0.00221,-0.01636,-0.01441,-0.00457,-0.72282,
409152000000,-2.24830,-0.42891,-16.97251,0.99986,0.00066,-0.00341,-0.01620,-0.02663,-0.00832,-0.69882,
409522000000,-2.26423,-0.41862,-17.21686,0.99986,0.00050,-0.00307,-0.01631,-0.03759,0.00219,-0.69757,
409900000000,-2.28307,-0.41565,-17.46285,0.99985,0.00117,-0.00599,-0.01618,-0.04869,0.00429,-0.69970,
410217000000,-2.30388,-0.41015,-17.67211,0.99986,0.00044,-0.00535,-0.01613,-0.06647,0.00738,-0.68907,
410501000000,-2.32360,-0.40876,-17.86025,0.99985,0.00065,-0.00661,-0.01590,-0.07568,0.00721,-0.69057,
410726000000,-2.34270,-0.40280,-18.01577,0.99985,0.00061,-0.00705,-0.01594,-0.08557,0.01076,-0.69498,
411006000000,-2.36675,-0.40098,-18.19707,0.99985,0.00064,-0.00696,-0.01565,-0.09488,0.01040,-0.68177,
411304000000,-2.39596,-0.40021,-18.38676,0.99985,0.00154,-0.00736,-0.01532,-0.10364,0.00608,-0.67045,
411583000000,-2.42267,-0.39503,-18.55870,0.99987,0.00138,-0.00565,-0.01527,-0.10594,0.00528,-0.66301,
411927000000,-2.45413,-0.39013,-18.78121,0.99987,0.00141,-0.00492,-0.01515,-0.09980,0.00337,-0.67344,
412233000000,-2.47966,-0.38651,-18.98101,0.99987,0.00184,-0.00463,-0.01538,-0.09390,0.00144,-0.67440,
412569000000,-2.50498,-0.38374,-19.20072,0.99988,0.00172,-0.00351,-0.01527,-0.08675,-0.00026,-0.67610,
412898000000,-2.52342,-0.38398,-19.41738,0.99987,0.00224,-0.00425,-0.01545,-0.07493,-0.00446,-0.67664,
413163000000,-2.53948,-0.38310,-19.59224,0.99987,0.00168,-0.00368,-0.01541,-0.07326,-0.00627,-0.67282,
413421000000,-2.55654,-0.38210,-19.76867,0.99987,0.00147,-0.00431,-0.01562,-0.06864,-0.00604,-0.68195,
413707000000,-2.57594,-0.37850,-19.96351,0.99986,0.00171,-0.00432,-0.01592,-0.07111,0.00171,-0.68061,
413965000000,-2.59087,-0.37917,-20.05002,0.99987,0.00207,-0.00058,-0.01607,-0.04120,0.00502,0.07233,
414198000000,-2.59428,-0.38207,-20.01846,0.99987,0.00104,-0.00091,-0.01596,-0.02844,-0.00295,0.07905,
414588000000,-2.60139,-0.39391,-20.04113,0.99988,0.00133,-0.00122,-0.01544,-0.02294,-0.01479,0.03188,
414883000000,-2.60635,-0.38684,-20.03820,0.99987,0.00112,-0.00074,-0.01597,-0.01584,-0.00719,0.02981,
415059000000,-2.60626,-0.38772,-20.04227,0.99987,0.00111,-0.00064,-0.01594,-0.00824,-0.00829,0.02559,
415414000000,-2.60563,-0.38904,-20.04548,0.99987,0.00104,-0.00051,-0.01594,0.00392,-0.00841,0.02049,
415789000000,-2.60272,-0.38890,-20.04902,0.99987,0.00096,-0.00044,-0.01596,0.01534,-0.00742,0.01628,
416088000000,-2.60053,-0.38862,-20.05209,0.99987,0.00092,-0.00045,-0.01596,0.02246,-0.00705,0.01339,
416426000000,-2.59793,-0.38842,-20.05391,0.99987,0.00087,-0.00049,-0.01598,0.02880,-0.00611,0.01114,
416740000000,-2.59609,-0.38811,-20.05561,0.99987,0.00085,-0.00054,-0.01599,0.03337,-0.00559,0.00945,
416992000000,-2.59545,-0.38771,-20.05682,0.99987,0.00083,-0.00059,-0.01601,0.03622,-0.00538,0.00823,
417299000000,-2.59202,-0.38715,-20.05600,0.99987,0.00081,-0.00061,-0.01605,0.04056,-0.00455,0.00781,
417651000000,-2.59146,-0.38762,-20.05786,0.99987,0.00079,-0.00070,-0.01601,0.04244,-0.00387,0.00664,
418003000000,-2.59101,-0.38770,-20.05985,0.99987,0.00075,-0.00080,-0.01601,0.04377,-0.00257,0.00542,
418370000000,-2.58865,-0.38690,-20.06067,0.99987,0.00073,-0.00088,-0.01604,0.04543,-0.00162,0.00482,
418750000000,-2.58785,-0.38672,-20.06249,0.99987,0.00071,-0.00099,-0.01605,0.04547,-0.00071,0.00371,
419000000000,-2.58992,-0.38664,-20.06240,0.99987,0.00072,-0.00100,-0.01605,0.04680,-0.00143,0.00326,
419158000000,-2.59133,-0.38651,-20.06232,0.99987,0.00073,-0.00101,-0.01605,0.04750,-0.00207,0.00296,
419481000000,-2.58741,-0.38635,-20.06338,0.99987,0.00069,-0.00110,-0.01606,0.04702,0.00007,0.00283,
419812000000,-2.58654,-0.38606,-20.06384,0.99987,0.00067,-0.00116,-0.01605,0.04720,0.00112,0.00256,
420162000000,-2.58560,-0.38588,-20.06441,0.99987,0.00067,-0.00123,-0.01605,0.04682,0.00140,0.00230,
420528000000,-2.58496,-0.38574,-20.06486,0.99987,0.00067,-0.00129,-0.01606,0.04632,0.00204,0.00215,
420874000000,-2.58530,-0.38564,-20.06486,0.99987,0.00066,-0.00132,-0.01607,0.04655,0.00266,0.00197,
421168000000,-2.58486,-0.38535,-20.06409,0.99987,0.00066,-0.00132,-0.01610,0.04803,0.00265,0.00212,
421618000000,-2.58250,-0.38509,-20.06626,0.99987,0.00065,-0.00147,-0.01608,0.04269,0.00397,0.00185,
422006000000,-2.58331,-0.38512,-20.06585,0.99987,0.00065,-0.00149,-0.01608,0.04361,0.00402,0.00176,
422280000000,-2.58536,-0.38531,-20.06492,0.99987,0.00065,-0.00146,-0.01608,0.04628,0.00378,0.00163,
422648000000,-2.58326,-0.38499,-20.06585,0.99987,0.00065,-0.00154,-0.01608,0.04278,0.00443,0.00173,
422986000000,-2.58364,-0.38498,-20.06565,0.99987,0.00065,-0.00156,-0.01608,0.04304,0.00459,0.00171,
423360000000,-2.58277,-0.38480,-20.06606,0.99987,0.00066,-0.00161,-0.01609,0.04078,0.00482,0.00177,
423643000000,-2.58429,-0.38494,-20.06522,0.99987,0.00065,-0.00158,-0.01608,0.04345,0.00500,0.00171,
423923000000,-2.58420,-0.38489,-20.06519,0.99987,0.00066,-0.00160,-0.01609,0.04298,0.00516,0.00175,
424316000000,-2.58207,-0.38457,-20.06632,0.99987,0.00067,-0.00170,-0.01609,0.03736,0.00507,0.00185,
424603000000,-2.58250,-0.38551,-20.03521,0.99987,0.00081,-0.00206,-0.01598,-0.00037,0.00003,0.00050,
425024000000,-2.58252,-0.38557,-20.03525,0.99987,0.00080,-0.00206,-0.01598,-0.00062,0.00000,0.00079,
425411000000,-2.58255,-0.38555,-20.03518,0.99987,0.00081,-0.00206,-0.01598,-0.00065,0.00005,0.00082,
425708000000,-2.58254,-0.38555,-20.03519,0.99987,0.00081,-0.00206,-0.01598,-0.00052,-0.00000,0.00065,
426025000000,-2.58254,-0.38555,-20.03519,0.99987,0.00081,-0.00206,-0.01598,-0.00051,0.00001,0.00067,
426325000000,-2.58253,-0.38556,-20.03520,0.99987,0.00081,-0.00206,-0.01598,-0.00048,-0.00001,0.00063,
426508000000,-2.58251,-0.38556,-20.03521,0.99987,0.00081,-0.00206,-0.01598,-0.00033,0.00002,0.00042,
426830000000,-2.58252,-0.38556,-20.03521,0.99987,0.00081,-0.00206,-0.01598,-0.00051,0.00001,0.00065,
427057000000,-2.58251,-0.38555,-20.03522,0.99987,0.00081,-0.00206,-0.01598,-0.00038,0.00006,0.00048,
427460000000,-2.58252,-0.38555,-20.03520,0.99987,0.00081,-0.00206,-0.01598,-0.00062,0.00002,0.00082,
427831000000,-2.58253,-0.38555,-20.03518,0.99987,0.00081,-0.00206,-0.01598,-0.00062,0.00002,0.00079,
428137000000,-2.58285,-0.38554,-20.03477,0.99987,0.00081,-0.00206,-0.01598,-0.00145,0.00005,0.00191,
428572000000,-2.58252,-0.38557,-20.03552,0.99987,0.00081,-0.00207,-0.01598,-0.00650,-0.00114,0.00311,
428958000000,-2.58253,-0.38558,-20.03527,0.99987,0.00080,-0.00206,-0.01598,-0.00062,-0.00001,0.00074,
429340000000,-2.58255,-0.38557,-20.03519,0.99987,0.00081,-0.00206,-0.01598,-0.00066,0.00001,0.00080,
429720000000,-2.58256,-0.38558,-20.03517,0.99987,0.00081,-0.00206,-0.01598,-0.00066,-0.00002,0.00081,
430001000000,-2.58255,-0.38557,-20.03518,0.99987,0.00081,-0.00206,-0.01598,-0.00049,0.00004,0.00061,
430351000000,-2.58255,-0.38557,-20.03518,0.99987,0.00081,-0.00206,-0.01598,-0.00055,-0.00001,0.00072,
430664000000,-2.58255,-0.38557,-20.03518,0.99987,0.00081,-0.00206,-0.01598,-0.00052,0.00002,0.00067,
431055000000,-2.58255,-0.38558,-20.03517,0.99987,0.00081,-0.00206,-0.01598,-0.00062,-0.00000,0.00083,
431334000000,-2.58255,-0.38558,-20.03518,0.99987,0.00081,-0.00206,-0.01598,-0.00051,-0.00000,0.00060,
431578000000,-2.58255,-0.38558,-20.03519,0.99987,0.00081,-0.00206,-0.01598,-0.00043,0.00000,0.00053,
431933000000,-2.58256,-0.38558,-20.03517,0.99987,0.00081,-0.00206,-0.01598,-0.00057,0.00001,0.00074,
432312000000,-2.58252,-0.38556,-20.03518,0.99987,0.00081,-0.00206,-0.01598,-0.00048,0.00004,0.00074,
432585000000,-2.58250,-0.38556,-20.03521,0.99987,0.00081,-0.00206,-0.01598,-0.00044,-0.00000,0.00058,
432841000000,-2.58249,-0.38557,-20.03521,0.99987,0.00081,-0.00206,-0.01598,-0.00041,-0.00003,0.00054,
433138000000,-2.58249,-0.38557,-20.03521,0.99987,0.00081,-0.00206,-0.01598,-0.00049,0.00000,0.00062,
433479000000,-2.58249,-0.38557,-20.03520,0.99987,0.00081,-0.00206,-0.01598,-0.00052,0.00001,0.00070,
433833000000,-2.58251,-0.38557,-20.03519,0.99987,0.00081,-0.00206,-0.01598,-0.00059,0.00001,0.00076,
434223000000,-2.58252,-0.38557,-20.03518,0.99987,0.00081,-0.00206,-0.01598,-0.00064,-0.00000,0.00081,
434619000000,-2.58250,-0.38556,-20.03517,0.99987,0.00081,-0.00206,-0.01598,-0.00058,0.00002,0.00082,
434849000000,-2.58247,-0.38556,-20.03520,0.99987,0.00081,-0.00206,-0.01598,-0.00038,-0.00004,0.00051,
435134000000,-2.58247,-0.38556,-20.03520,0.99987,0.00081,-0.00206,-0.01598,-0.00046,0.00001,0.00059,
435467000000,-2.58249,-0.38557,-20.03519,0.99987,0.00081,-0.00206,-0.01598,-0.00058,-0.00002,0.00070,
435778000000,-2.58248,-0.38558,-20.03520,0.99987,0.00081,-0.00206,-0.01598,-0.00047,-0.00002,0.00063,
436100000000,-2.58250,-0.38558,-20.03519,0.99987,0.00081,-0.00206,-0.01598,-0.00058,0.00001,0.00068,
436449000000,-2.58250,-0.38558,-20.03519,0.99987,0.00081,-0.00206,-0.01598,-0.00058,0.00002,0.00073,
436782000000,-2.58250,-0.38557,-20.03519,0.99987,0.00081,-0.00206,-0.01598,-0.00053,0.00002,0.00070,
437147000000,-2.58250,-0.38559,-20.03519,0.99987,0.00081,-0.00206,-0.01598,-0.00057,-0.00005,0.00076,
437354000000,-2.58247,-0.38559,-20.03521,0.99987,0.00081,-0.00207,-0.01598,-0.00034,0.00001,0.00045,
437668000000,-2.58247,-0.38558,-20.03521,0.99987,0.00081,-0.00207,-0.01598,-0.00049,0.00005,0.00063,
438057000000,-2.58249,-0.38557,-20.03520,0.99987,0.00081,-0.00207,-0.01598,-0.00062,0.00003,0.00079,
438392000000,-2.58249,-0.38555,-20.03520,0.99987,0.00081,-0.00207,-0.01598,-0.00056,0.00006,0.00071,
438781000000,-2.58251,-0.38556,-20.03519,0.99987,0.00081,-0.00206,-0.01598,-0.00066,-0.00002,0.00082,
439120000000,-2.58248,-0.38555,-20.03521,0.99987,0.00081,-0.00207,-0.01598,-0.00048,0.00003,0.00069,
439410000000,-2.58246,-0.38557,-20.03522,0.99987,0.00081,-0.00207,-0.01598,-0.00046,-0.00007,0.00061,
439814000000,-2.58248,-0.38556,-20.03521,0.99987,0.00081,-0.00207,-0.01598,-0.00066,0.00003,0.00084,
440168000000,-2.58248,-0.38558,-20.03521,0.99987,0.00081,-0.00207,-0.01598,-0.00057,-0.00005,0.00075,
440457000000,-2.58248,-0.38557,-20.03522,0.99987,0.00081,-0.00207,-0.01598,-0.00050,0.00002,0.00061,
440871000000,-2.57998,-0.38513,-20.03656,0.99987,0.00089,-0.00214,-0.01597,0.00519,0.00091,-0.00163,
441265000000,-2.57973,-0.38506,-20.03695,0.99987,0.00089,-0.00217,-0.01597,-0.00085,-0.00025,0.00072,
441650000000,-2.57985,-0.38507,-20.03684,0.99987,0.00089,-0.00216,-0.01597,-0.00119,-0.00030,0.00088,
442014000000,-2.57987,-0.38507,-20.03683,0.99987,0.00089,-0.00216,-0.01597,-0.00116,-0.00029,0.00086,
442444000000,-2.57977,-0.38507,-20.03695,0.99987,0.00089,-0.00216,-0.01597,-0.00105,-0.00031,0.00080,
442664000000,-2.57979,-0.38506,-20.03690,0.99987,0.00089,-0.00216,-0.01597,-0.00077,-0.00019,0.00052,
443036000000,-2.57967,-0.38502,-20.03703,0.99987,0.00088,-0.00218,-0.01598,-0.00058,-0.00013,0.00038,
443407000000,-2.57974,-0.38502,-20.03701,0.99987,0.00088,-0.00218,-0.01598,-0.00126,-0.00026,0.00086,
443710000000,-2.57962,-0.38499,-20.03708,0.99987,0.00089,-0.00218,-0.01597,-0.00077,-0.00019,0.00061,
444089000000,-2.57962,-0.38499,-20.03709,0.99987,0.00089,-0.00218,-0.01597,-0.00121,-0.00029,0.00084,
444516000000,-2.57951,-0.38500,-20.03720,0.99987,0.00089,-0.00218,-0.01597,-0.00109,-0.00033,0.00080,
444775000000,-2.57955,-0.38498,-20.03714,0.99987,0.00089,-0.00218,-0.01597,-0.00093,-0.00018,0.00062,
445078000000,-2.57958,-0.38499,-20.03713,0.99987,0.00089,-0.00218,-0.01597,-0.00107,-0.00028,0.00070,
445445000000,-2.57961,-0.38499,-20.03710,0.99987,0.00089,-0.00218,-0.01597,-0.00120,-0.00031,0.00084,
445790000000,-2.57961,-0.38498,-20.03710,0.99987,0.00089,-0.00218,-0.01597,-0.00119,-0.00026,0.00081,
446188000000,-2.57952,-0.38499,-20.03721,0.99987,0.00089,-0.00218,-0.01597,-0.00104,-0.00032,0.00075,
446556000000,-2.57961,-0.38499,-20.03710,0.99987,0.00089,-0.00218,-0.01597,-0.00125,-0.00033,0.00086,
446938000000,-2.57964,-0.38500,-20.03708,0.99987,0.00089,-0.00218,-0.01597,-0.00130,-0.00034,0.00090,
447354000000,-2.57952,-0.38500,-20.03720,0.99987,0.00089,-0.00218,-0.01597,-0.00106,-0.00031,0.00077,
447786000000,-2.58221,-0.38549,-20.03584,0.99987,0.00081,-0.00210,-0.01598,-0.00680,-0.00119,0.00317,
448130000000,-2.57977,-0.38507,-20.03682,0.99987,0.00089,-0.00216,-0.01597,0.00639,0.00109,-0.00221,
448465000000,-2.58217,-0.38549,-20.03584,0.99987,0.00081,-0.00210,-0.01598,-0.00814,-0.00143,0.00363,
448887000000,-2.58244,-0.38554,-20.03548,0.99987,0.00081,-0.00208,-0.01597,-0.00129,-0.00011,0.00101,
449205000000,-2.58231,-0.38552,-20.03547,0.99987,0.00081,-0.00209,-0.01598,-0.00070,-0.00004,0.00071,
449571000000,-2.58222,-0.38549,-20.03552,0.99987,0.00081,-0.00209,-0.01598,-0.00050,0.00003,0.00060,
449980000000,-2.58221,-0.38550,-20.03552,0.99987,0.00081,-0.00209,-0.01598,-0.00069,-0.00001,0.00083,
450356000000,-2.58222,-0.38550,-20.03551,0.99987,0.00081,-0.00209,-0.01598,-0.00075,-0.00002,0.00081,
450739000000,-2.58221,-0.38551,-20.03551,0.99987,0.00081,-0.00209,-0.01598,-0.00067,-0.00003,0.00080,
451101000000,-2.58217,-0.38550,-20.03553,0.99987,0.00081,-0.00209,-0.01598,-0.00061,0.00002,0.00073,
451403000000,-2.58217,-0.38550,-20.03554,0.99987,0.00081,-0.00209,-0.01598,-0.00064,-0.00002,0.00065,
451746000000,-2.58215,-0.38549,-20.03555,0.99987,0.00081,-0.00209,-0.01598,-0.00056,0.00003,0.00069,
452140000000,-2.58215,-0.38549,-20.03554,0.99987,0.00081,-0.00210,-0.01598,-0.00070,0.00001,0.00081,
452391000000,-2.58213,-0.38549,-20.03556,0.99987,0.00081,-0.00210,-0.01598,-0.00050,0.00001,0.00055,
452698000000,-2.58212,-0.38549,-20.03556,0.99987,0.00081,-0.00210,-0.01598,-0.00054,-0.00000,0.00064,
453145000000,-2.58218,-0.38552,-20.03551,0.99987,0.00081,-0.00209,-0.01598,-0.00088,-0.00005,0.00097,
453575000000,-2.58215,-0.38553,-20.03560,0.99987,0.00081,-0.00210,-0.01598,-0.00070,0.00002,0.00079,
453925000000,-2.58217,-0.38553,-20.03553,0.99987,0.00081,-0.00209,-0.01598,-0.00066,-0.00002,0.00074,
454399000000,-2.58213,-0.38551,-20.03553,0.99987,0.00082,-0.00210,-0.01597,-0.00073,0.00004,0.00093,
454779000000,-2.58200,-0.38550,-20.03560,0.99987,0.00082,-0.00210,-0.01597,-0.00041,-0.00001,0.00069,
454961000000,-2.58196,-0.38550,-20.03564,0.99987,0.00083,-0.00210,-0.01597,-0.00034,0.00000,0.00042,
455198000000,-2.58195,-0.38548,-20.03565,0.99987,0.00082,-0.00210,-0.01597,-0.00044,0.00002,0.00049,
455586000000,-2.58196,-0.38549,-20.03563,0.99987,0.00083,-0.00210,-0.01597,-0.00070,-0.00004,0.00079,
455885000000,-2.58192,-0.38548,-20.03568,0.99987,0.00082,-0.00211,-0.01597,-0.00041,0.00000,0.00049,
456192000000,-2.58192,-0.38548,-20.03569,0.99987,0.00082,-0.00211,-0.01597,-0.00057,-0.00001,0.00062,
456550000000,-2.58192,-0.38547,-20.03569,0.99987,0.00083,-0.00211,-0.01597,-0.00066,-0.00001,0.00073,
456996000000,-2.58193,-0.38550,-20.03567,0.99987,0.00083,-0.00211,-0.01597,-0.00083,-0.00010,0.00092,
457464000000,-2.58189,-0.38550,-20.03576,0.99987,0.00082,-0.00211,-0.01597,-0.00079,-0.00003,0.00087,
457845000000,-2.58190,-0.38549,-20.03568,0.99987,0.00083,-0.00211,-0.01597,-0.00071,-0.00003,0.00080,
458203000000,-2.58189,-0.38549,-20.03568,0.99987,0.00083,-0.00211,-0.01597,-0.00067,-0.00005,0.00075,
458552000000,-2.58188,-0.38548,-20.03568,0.99987,0.00083,-0.00211,-0.01597,-0.00067,0.00001,0.00074,
458928000000,-2.58187,-0.38547,-20.03568,0.99987,0.00083,-0.00211,-0.01597,-0.00068,-0.00002,0.00077,
459206000000,-2.58185,-0.38547,-20.03569,0.99987,0.00083,-0.00211,-0.01597,-0.00052,-0.00004,0.00059,
459524000000,-2.58184,-0.38547,-20.03570,0.99987,0.00083,-0.00211,-0.01597,-0.00058,-0.00001,0.00065,
459794000000,-2.58184,-0.38546,-20.03571,0.99987,0.00082,-0.00211,-0.01598,-0.00055,-0.00001,0.00056,
460148000000,-2.58185,-0.38546,-20.03570,0.99987,0.00082,-0.00211,-0.01598,-0.00070,-0.00001,0.00073,
460466000000,-2.58185,-0.38547,-20.03570,0.99987,0.00082,-0.00211,-0.01597,-0.00062,-0.00005,0.00067,
460782000000,-2.58184,-0.38546,-20.03570,0.99987,0.00082,-0.00211,-0.01598,-0.00059,-0.00001,0.00065,
461086000000,-2.58185,-0.38547,-20.03569,0.99987,0.00082,-0.00211,-0.01598,-0.00067,-0.00005,0.00067,
461469000000,-2.58185,-0.38546,-20.03569,0.99987,0.00082,-0.00211,-0.01598,-0.00070,0.00001,0.00078,
461726000000,-2.58183,-0.38547,-20.03570,0.99987,0.00082,-0.00211,-0.01598,-0.00049,-0.00007,0.00054,
462093000000,-2.58186,-0.38546,-20.03568,0.99987,0.00082,-0.00211,-0.01598,-0.00076,-0.00001,0.00077,
462297000000,-2.58185,-0.38546,-20.03570,0.99987,0.00082,-0.00211,-0.01598,-0.00049,-0.00003,0.00047,
462629000000,-2.58185,-0.38546,-20.03569,0.99987,0.00082,-0.00211,-0.01598,-0.00059,-0.00002,0.00067,
462933000000,-2.58185,-0.38547,-20.03569,0.99987,0.00082,-0.00211,-0.01598,-0.00062,-0.00005,0.00063,
463205000000,-2.58184,-0.38547,-20.03570,0.99987,0.00082,-0.00211,-0.01598,-0.00052,-0.00003,0.00056,
463470000000,-2.58175,-0.38546,-20.03572,0.99987,0.00083,-0.00211,-0.01597,-0.00020,-0.00001,0.00052,
463750000000,-2.58177,-0.38546,-20.03571,0.99987,0.00083,-0.00211,-0.01597,-0.00060,-0.00003,0.00062,
464161000000,-2.58181,-0.38546,-20.03568,0.99987,0.00083,-0.00211,-0.01597,-0.00083,-0.00006,0.00086,
464503000000,-2.58180,-0.38547,-20.03567,0.99987,0.00083,-0.00211,-0.01597,-0.00066,-0.00005,0.00073,
464986000000,-2.58269,-0.38559,-20.03547,0.99987,0.00081,-0.00209,-0.01599,-0.00259,-0.00022,0.00134,
465365000000,-2.58115,-0.38536,-20.03585,0.99987,0.00084,-0.00213,-0.01596,0.00326,0.00054,-0.00025,
465771000000,-2.58159,-0.38545,-20.03577,0.99987,0.00085,-0.00212,-0.01596,-0.00187,-0.00026,0.00111,
466118000000,-2.58161,-0.38544,-20.03577,0.99987,0.00084,-0.00212,-0.01596,-0.00072,-0.00011,0.00075,
466472000000,-2.58104,-0.38537,-20.03596,0.99987,0.00085,-0.00213,-0.01596,0.00080,0.00008,0.00032,
466818000000,-2.58158,-0.38545,-20.03580,0.99987,0.00085,-0.00212,-0.01596,-0.00224,-0.00033,0.00115,
467183000000,-2.58105,-0.38538,-20.03596,0.99987,0.00085,-0.00213,-0.01596,0.00072,0.00008,0.00036,
467596000000,-2.57440,-0.38580,-20.01648,0.99987,-0.00230,-0.00118,-0.01565,0.01675,0.00265,0.17809,
468011000000,-2.56792,-0.37245,-19.89836,0.99986,0.00225,-0.00398,-0.01633,0.00547,0.02776,0.44602,
468486000000,-2.55445,-0.36830,-19.55561,0.99985,0.00302,-0.00181,-0.01693,0.04419,0.00234,0.85214,
468864000000,-2.53802,-0.36800,-19.21463,0.99984,0.00194,-0.00132,-0.01765,0.05263,0.00001,1.01655,
469105000000,-2.52925,-0.38169,-18.97644,0.99984,0.00348,-0.00251,-0.01742,0.04389,-0.02411,1.01258,
469315000000,-2.51972,-0.38642,-18.76091,0.99984,0.00194,-0.00289,-0.01735,0.04017,-0.02573,1.04768,
469669000000,-2.50265,-0.39631,-18.38371,0.99986,0.00156,-0.00349,-0.01620,0.04003,-0.02196,1.10298,
469815000000,-2.49535,-0.40103,-18.22239,0.99986,0.00066,-0.00339,-0.01643,0.03873,-0.01960,1.11949,
470151000000,-2.48088,-0.40763,-17.83214,0.99987,0.00204,-0.00280,-0.01552,0.04177,-0.01606,1.16986,
470449000000,-2.47142,-0.41239,-17.47204,0.99988,0.00106,-0.00268,-0.01521,0.04086,-0.01506,1.19730,
470771000000,-2.45567,-0.41647,-17.07889,0.99988,0.00048,-0.00285,-0.01552,0.04289,-0.00949,1.22527,
471156000000,-2.43335,-0.42087,-16.59697,0.99987,0.00095,-0.00232,-0.01613,0.04705,-0.00522,1.25262,
471382000000,-2.41430,-0.42031,-16.30658,0.99986,0.00047,-0.00228,-0.01660,0.05676,-0.00095,1.27174,
471699000000,-2.39700,-0.41665,-15.89654,0.99985,0.00056,-0.00345,-0.01692,0.05607,0.00631,1.29652,
471948000000,-2.38748,-0.41675,-15.57182,0.99985,0.00138,-0.00302,-0.01711,0.05142,0.00549,1.31145,
472296000000,-2.37027,-0.41795,-15.11083,0.99984,0.00091,-0.00375,-0.01736,0.05086,0.00146,1.32769,
472537000000,-2.35916,-0.41783,-14.78726,0.99984,0.00012,-0.00359,-0.01756,0.04749,0.00332,1.34090,
472759000000,-2.35031,-0.41944,-14.48730,0.99984,0.00043,-0.00336,-0.01740,0.04823,0.00471,1.34970,
473018000000,-2.34795,-0.42307,-14.14146,0.99984,-0.00019,-0.00430,-0.01736,0.03698,0.00473,1.35524,
473232000000,-2.34203,-0.42085,-13.85162,0.99984,-0.00101,-0.00276,-0.01744,0.03726,0.01093,1.35725,
473547000000,-2.33096,-0.41277,-13.42299,0.99983,-0.00030,-0.00377,-0.01786,0.03917,0.02173,1.35700,
473746000000,-2.32167,-0.41227,-13.15057,0.99983,-0.00132,-0.00368,-0.01806,0.03942,0.02114,1.36286,
473924000000,-2.31169,-0.40437,-12.90588,0.99982,-0.00103,-0.00420,-0.01856,0.04345,0.02903,1.36439,
474159000000,-2.30846,-0.39442,-12.58300,0.99982,-0.00036,-0.00377,-0.01880,0.03664,0.03313,1.36396,
474355000000,-2.30379,-0.39651,-12.31134,0.99982,-0.00057,-0.00318,-0.01883,0.03674,0.02636,1.36825,
474570000000,-2.29812,-0.39679,-12.01294,0.99982,0.00041,-0.00337,-0.01855,0.03802,0.02219,1.37599,
474849000000,-2.28787,-0.40033,-11.62350,0.99982,0.00106,-0.00137,-0.01885,0.04419,0.01082,1.37563,
475061000000,-2.27895,-0.40098,-11.32655,0.99982,0.00059,-0.00303,-0.01895,0.04823,0.00381,1.37965,
475240000000,-2.26763,-0.39588,-11.08248,0.99981,0.00133,-0.00284,-0.01931,0.05467,0.00677,1.37751,
475456000000,-2.25968,-0.39832,-10.77891,0.99981,0.00107,-0.00142,-0.01930,0.05431,0.00168,1.38300,
475641000000,-2.24831,-0.39750,-10.52235,0.99981,0.00043,-0.00114,-0.01949,0.05831,0.00175,1.38139,
475817000000,-2.23334,-0.39624,-10.27513,0.99981,0.00032,-0.00069,-0.01958,0.06712,0.00390,1.38297,
476112000000,-2.21262,-0.39727,-9.82681,0.99981,0.00161,-0.00030,-0.01944,0.07559,0.00052,1.73254,
476324000000,-2.19489,-0.39626,-9.42960,0.99981,0.00095,-0.00074,-0.01941,0.07997,-0.00169,1.94732,
476526000000,-2.18016,-0.39556,-9.03806,0.99981,0.00065,-0.00183,-0.01948,0.07729,0.00063,1.88233,
476696000000,-2.16500,-0.40081,-8.72387,0.99981,0.00134,-0.00224,-0.01949,0.07743,-0.00244,1.83951,
476918000000,-2.13499,-0.40789,-8.31137,0.99980,0.00211,-0.00098,-0.02001,0.08422,-0.01032,1.84426,
477156000000,-2.11638,-0.41522,-7.87132,0.99979,0.00161,-0.00160,-0.02021,0.08232,-0.01470,1.85533,
477327000000,-2.09096,-0.41786,-7.55226,0.99979,0.00104,-0.00179,-0.02035,0.08854,-0.01560,1.85858,
